metric,model,n_rows,n_pr_groups,formula,coef_phase_closed,se_phase_closed,p_phase_closed,ci_low_phase_closed,ci_high_phase_closed,warnings_or_notes,status,p_phase_closed_fdr_bh
bugsPerLineOfCode,gee_phase_pr_cluster,7859,3960,y ~ phase_closed + log_ncloc + pullRequestMerged_num,-4.953415869344318e-05,2.4311591798815337e-05,0.04160288397268618,-9.718400302596058e-05,-1.8843143609257768e-06,datetime.datetime.utcnow() is deprecated and scheduled for removal in a future version. Use timezone-aware objects to represent datetimes in UTC: datetime.datetime.now(datetime.UTC).,ok,0.08765610462196377
vulnerabilitiesPerLineOfCode,gee_phase_pr_cluster,7859,3960,y ~ phase_closed + log_ncloc + pullRequestMerged_num,-1.153093037816473e-06,3.508256478768842e-06,0.7423977240592874,-8.029149384732712e-06,5.722963309099766e-06,,ok,0.7423977240592874
codeSmellsPerLineOfCode,gee_phase_pr_cluster,7859,3960,y ~ phase_closed + log_ncloc + pullRequestMerged_num,-0.00045842619684740324,0.0001639248865894354,0.00516494141090924,-0.0007797130707325095,-0.00013713932296229692,,ok,0.028744529384699874
securityHotspotsPerLineOfCode,gee_phase_pr_cluster,7859,3960,y ~ phase_closed + log_ncloc + pullRequestMerged_num,-8.486936563740772e-05,4.210350565183478e-05,0.043828052310981885,-0.0001673907203378825,-2.348010936932944e-06,,ok,0.08765610462196377
duplicatedLinesDensityPerLineOfCode,gee_phase_pr_cluster,7859,3960,y ~ phase_closed + log_ncloc + pullRequestMerged_num,-0.0001948062457672826,0.0001227751618469193,0.11258264304081403,-0.0004354411411833205,4.582864964875537e-05,,ok,0.16083234720116288
complexityPerLineOfCode,gee_phase_pr_cluster,7859,3960,y ~ phase_closed + log_ncloc + pullRequestMerged_num,0.00019269770985326542,0.00011745778360640967,0.10088671764409353,-3.7515315719196727e-05,0.00042291073542572756,,ok,0.16083234720116288
cognitiveComplexityPerLineOfCode,gee_phase_pr_cluster,7859,3960,y ~ phase_closed + log_ncloc + pullRequestMerged_num,0.0003491701070996864,0.00016803797732009226,0.03771638094469514,1.982172351734716e-05,0.0006785184906820257,,ok,0.08765610462196377
softwareQualityReliabilityIssuesPerLineOfCode,gee_phase_pr_cluster,7859,3960,y ~ phase_closed + log_ncloc + pullRequestMerged_num,-4.819412120815038e-05,3.520735673386841e-05,0.1710414529254617,-0.00011719927239738621,2.081102998108544e-05,,ok,0.2138018161568271
softwareQualityMaintainabilityIssuesPerLineOfCode,gee_phase_pr_cluster,7859,3960,y ~ phase_closed + log_ncloc + pullRequestMerged_num,-0.0004520633507720753,0.00016368612946256853,0.005748905876939975,-0.0007728822692874703,-0.00013124443225668035,,ok,0.028744529384699874
softwareQualitySecurityIssuesPerLineOfCode,gee_phase_pr_cluster,7859,3960,y ~ phase_closed + log_ncloc + pullRequestMerged_num,-6.099937306964909e-06,1.1664397826819016e-05,0.6010066343741302,-2.8961736948877454e-05,1.6761862334947635e-05,,ok,0.667785149304589
