metric,model,model_type,n_rows,n_repository_groups,formula,delta_mean_model_sample,delta_median_model_sample,coef_base_y,se_base_y,p_base_y,ci_low_base_y,ci_high_base_y,coef_log_ncloc_base,p_log_ncloc_base,coef_pullRequestMerged_num,p_pullRequestMerged_num,warnings_or_notes,status,p_base_y_fdr_bh
bugsPerLineOfCode,delta_mixedlm_repository_random_intercept,MixedLM,3899,243,delta_y ~ base_y + pullRequestMerged_num,-4.7409003282893054e-05,0.0,-0.1334775594883673,0.005611056252768787,4.4126972932912573e-125,-0.14447502765902237,-0.12248009131771219,,,-0.00012443709264654368,0.5523589231171883,The MLE may be on the boundary of the parameter space. | datetime.datetime.utcnow() is deprecated and scheduled for removal in a future version. Use timezone-aware objects to represent datetimes in UTC: datetime.datetime.now(datetime.UTC).,ok,1.4708990977637525e-124
vulnerabilitiesPerLineOfCode,delta_mixedlm_repository_random_intercept,MixedLM,3899,243,delta_y ~ base_y + pullRequestMerged_num,-4.257943216209284e-06,0.0,-0.12966878310724408,0.005292112840443324,1.397065071422481e-132,-0.14004113367663495,-0.1192964325378532,,,-3.8406609084818743e-07,0.9913059791043317,Random effects covariance is singular | The Hessian matrix at the estimated parameter values is not positive definite. | The MLE may be on the boundary of the parameter space. | The random effects covariance matrix is singular.,ok,6.985325357112405e-132
codeSmellsPerLineOfCode,delta_mixedlm_repository_random_intercept,MixedLM,3899,243,delta_y ~ base_y + pullRequestMerged_num,-0.0004434291357527571,0.0,-0.05266847389674062,0.004909871236589423,7.597658755042302e-27,-0.06229164468918503,-0.04304530310429621,,,-0.002580832390983748,0.18941305420493848,Random effects covariance is singular | The Hessian matrix at the estimated parameter values is not positive definite. | The MLE may be on the boundary of the parameter space. | The random effects covariance matrix is singular.,ok,1.0853798221489003e-26
securityHotspotsPerLineOfCode,delta_mixedlm_repository_random_intercept,MixedLM,3899,243,delta_y ~ base_y + pullRequestMerged_num,-9.581839484483202e-05,0.0,-0.057964233684893916,0.003678402641128813,6.052717874776286e-56,-0.0651737703821434,-0.050754696987644426,,,2.9498608191882156e-05,0.9528358186160668,Random effects covariance is singular | The Hessian matrix at the estimated parameter values is not positive definite. | The MLE may be on the boundary of the parameter space. | The random effects covariance matrix is singular.,ok,1.2105435749552571e-55
duplicatedLinesDensityPerLineOfCode,delta_mixedlm_repository_random_intercept,MixedLM,3899,243,delta_y ~ base_y + pullRequestMerged_num,-0.0002003581985637343,0.0,-0.32941337965746853,0.006839377564976023,0.0,-0.34281831336149277,-0.3160084459534443,,,-0.0008941157545162412,0.414449295387874,Random effects covariance is singular | The Hessian matrix at the estimated parameter values is not positive definite. | The MLE may be on the boundary of the parameter space. | The random effects covariance matrix is singular.,ok,0.0
complexityPerLineOfCode,delta_mixedlm_repository_random_intercept,MixedLM,3899,243,delta_y ~ base_y + pullRequestMerged_num,0.00022098947578866364,0.0,-0.02178397920033996,0.003060094940143327,1.0892874900106818e-12,-0.02778165507229413,-0.015786303328385785,,,-0.00255686940451419,0.043285284351230253,The MLE may be on the boundary of the parameter space.,ok,1.0892874900106818e-12
cognitiveComplexityPerLineOfCode,delta_mixedlm_repository_random_intercept,MixedLM,3899,243,delta_y ~ base_y + pullRequestMerged_num,0.000462379247678892,0.0,-0.03321577095567999,0.003145295339708117,4.544212141217711e-26,-0.039380436542249576,-0.027051105369110408,,,-0.0016087374896804488,0.3675504417562596,The MLE may be on the boundary of the parameter space.,ok,5.049124601353012e-26
softwareQualityReliabilityIssuesPerLineOfCode,delta_mixedlm_repository_random_intercept,MixedLM,3899,243,delta_y ~ base_y + pullRequestMerged_num,-4.518259097204412e-05,0.0,-0.07496173357272527,0.005713218045270017,2.5042790139945172e-39,-0.08615943517727884,-0.06376403196817171,,,0.00020615680996495243,0.5635737529254008,The MLE may be on the boundary of the parameter space.,ok,4.1737983566575284e-39
softwareQualityMaintainabilityIssuesPerLineOfCode,delta_mixedlm_repository_random_intercept,MixedLM,3899,243,delta_y ~ base_y + pullRequestMerged_num,-0.0004377175242113362,0.0,-0.05186293795261444,0.0048984284944818615,3.399529484179356e-26,-0.061463681382643645,-0.04226219452258523,,,-0.002583618570605923,0.18747670457678534,Random effects covariance is singular | The Hessian matrix at the estimated parameter values is not positive definite. | The MLE may be on the boundary of the parameter space. | The random effects covariance matrix is singular.,ok,4.2494118552241956e-26
softwareQualitySecurityIssuesPerLineOfCode,delta_mixedlm_repository_random_intercept,MixedLM,3899,243,delta_y ~ base_y + pullRequestMerged_num,-9.695388355988714e-06,0.0,-0.18311496213186088,0.00878164153531695,1.4612285653163233e-96,-0.20032666326622312,-0.16590326099749864,,,-6.710293283016961e-07,0.9960496798548051,Random effects covariance is singular | The Hessian matrix at the estimated parameter values is not positive definite. | The MLE may be on the boundary of the parameter space. | The random effects covariance matrix is singular.,ok,3.6530714132908082e-96
