repositoryName,random_intercept,n_prs
cordova-plugin-device-orientation,2.88733380041586,1
cordova-js,2.831337972157064,8
apisix-docker,2.8310316423362574,45
cloudberry-bootcamp,2.725622767734412,3
cordova-plugin-screen-orientation,2.670868951429187,2
cordova-browser,2.574576644381441,21
cloudberry-devops-release,2.5273924271378005,2
cordova-medic,2.4996634978979637,6
cordova-plugin-network-information,2.407606115677627,1
accumulo-docker,2.40112451905517,15
axis-axis1-java,2.393028175529657,1
cordova-plugin-wkwebview-engine,2.382885990557222,1
couchdb-docker,2.3354819963903295,24
cordova-windows,2.303471663078899,31
cordova-plugin-file-transfer,2.2872145619693094,1
aries-antora-site,2.2837818987572125,1
cordova-node-xcode,2.2768835705984896,17
cordova-plugin-dialogs,2.2203567731824245,2
cordova-plugin-splashscreen,2.197498635347132,1
cloudstack-docs-install,2.175305317654495,1
cordova-plugin-test-framework,2.097198689779439,2
ant,2.0333220614545517,1
cordova-plugin-battery-status,1.9181944808524325,1
cordova-create,1.916842255043227,8
cordova-test-platform,1.892595308095978,1
cordova-osx,1.8632216407480382,5
cordova-plugin-media-capture,1.8492964512661796,1
cordova-plugin-file,1.7727336753969132,1
cordova-blackberry,1.7515774947085734,3
airflow-ci,1.747281329243455,3
climate,1.734983189774613,1
cordova-mobile-spec,1.7173660638300876,12
accumulo-fluo-docker,1.6522769792649912,8
cordova-serve,1.650628917544507,20
axis-axis2-c-core,1.6333056178933358,2
cayenne-website,1.5444972604427498,5
creadur-tentacles,1.531891514047423,1
artemis-native,1.5230986026485875,5
cordova-wp8,1.5090513900851192,2
aries,1.5071673643078656,69
creadur-whisker,1.4816170115160543,1
couchdb-www,1.463163838686306,25
cordova-labs,1.4572545951674265,1
any23,1.4295273243053357,41
cloudberry-site,1.4236920793685095,2
cxf-fediz,1.3927812493619813,31
cordova-lib,1.3815804188585072,15
cordova-coho,1.3564810865220727,25
airavata-mft-portal,1.3465466723301596,5
ctakes-website,1.3239513419060112,1
celix-site,1.3188087061961535,4
cordova-plugin-inappbrowser,1.2928406744753642,1
cordova-plugman,1.2345223313579783,7
apisix-helm-chart,1.200427374571196,27
cordova-plugin-device,1.1824319616264458,4
cloudstack-www,1.1473255112490457,8
archiva-redback-core,1.1259064571615272,35
accumulo-website,1.1113735733592183,24
couchdb-fauxton,1.1077653275814823,15
comdev-site,1.0477961005535323,15
couchdb-documentation,0.982665378582719,2
airavata-mft,0.9069635449126611,11
cordova-fetch,0.861891834529136,17
activemq-nms-amqp,0.8537982489743344,51
ambari-infra,0.8454741918351264,10
cordova-electron,0.8338917061678073,12
comdev-events-site,0.7639472265341494,3
cordova-plugin-camera,0.7485529220787838,3
activemq,0.7087618498489187,15
arrow-cookbook,0.6675920293259235,39
cordova-cli,0.6170307131266459,1
airflow-site-archive,0.6038043929829118,1
apex-malhar,0.5920265847479674,42
accumulo-testing,0.5458708477791706,71
airavata-custos-portal,0.5365861457045437,35
any23-server,0.5211877259508745,1
airavata-site,0.5098703190460238,6
ant-easyant-core,0.5050789996870115,1
aries-cdi,0.4931695014209954,34
daffodil-vscode,0.4755945196959954,1
cordova-docs,0.4708212840209575,7
airavata-custos,0.43798848287288644,38
accumulo-proxy,0.434285202988638,25
cordova-ios,0.42068699212218774,10
datafusion-benchmarks,0.41607696161029734,5
cordova-common,0.38367277126286353,17
archiva,0.37383935738257,1
nuttx,0.34845455713583834,56
airavata-cerebrum,0.3272843367342851,1
activemq-openwire,0.3246664577509216,4
avro,0.3245780153581283,27
ant-ivyde,0.3090235174420965,3
aries-jpa,0.2990357928048592,7
apachecon-acasia,0.26700832855368967,26
ambari-metrics,0.26187144781671284,43
age,0.25276553251056344,33
airavata-data-catalog,0.24638688623382168,8
airavata-django-portal-sdk,0.21916064071898253,6
datafu,0.2042835197598663,11
arrow-swift,0.18209296686482232,45
couchdb-nano,0.16971648814019585,21
aries-containers,0.1385079919623255,1
airavata-php-gateway,0.1264496579150939,38
sqoop,0.11782714226160881,3
archiva-parent,0.10992041332596743,44
ambari-website,0.045644486512902156,8
archiva-site,0.020933684568302045,2
activemq-nms-api,-0.0058188842743414,1
accumulo-examples,-0.012470108177817284,33
atlas,-0.01801486517865027,14
cloudberry-backup,-0.025540666352654718,25
artemis-console,-0.13805448472799534,43
daffodil-sbt,-0.1679486530311464,23
aurora,-0.17288902953734972,12
artemis,-0.2222680166311092,1
apex-core,-0.22819740641750277,53
allura,-0.23522153222991574,3
couchdb-nmo,-0.240743446701287,3
answer-website,-0.2515926707347703,26
cloudstack-primate,-0.26285265690313414,70
ambari-logsearch,-0.2640428452865579,47
cloudstack-csbench,-0.30634426356325983,7
airflow-site,-0.3165949219359691,17
amoro-site,-0.3184385747517331,17
accumulo-fluo-muchos,-0.3232214253579824,65
attic,-0.3295716698519082,7
creadur-rat,-0.33288219847952993,7
airavata-portals,-0.34719301460191426,18
daffodil-site,-0.3551876789887693,2
cloudstack-kubernetes-provider,-0.3574266771041025,10
axis-axis2-java-rampart,-0.3601059439186018,9
allura-site,-0.36211140937055725,1
apachecon-eu,-0.36511732927010104,6
any23-plugins,-0.37947629826231555,1
airavata-django-portal,-0.38942693264474504,9
accumulo,-0.3909257136235976,19
axis-axis2-java-core,-0.39169607801527095,56
age-viewer,-0.3919215410345866,32
age-website,-0.41535782173824326,26
airflow-helm-unittest,-0.41663433230642144,1
archiva-components,-0.43816313684890296,17
airavata,-0.44092529486639576,21
aries-rsa,-0.44279983787278987,20
aurora-website,-0.4640130436659239,1
apisix,-0.46955465453789536,15
airavata-data-lake,-0.4714414183888792,85
airflow-client-python,-0.4916269111061681,27
accumulo-wikisearch,-0.49578204411179516,8
arrow-flight-sql-postgresql,-0.5317190804350322,5
celix,-0.5362207572307958,8
datafusion-site,-0.5674128839017918,6
ambari,-0.5873659138742549,8
cordova-plugin-statusbar,-0.6004971577199645,3
daffodil,-0.6544660550988367,22
airflow-ci-infra,-0.6595684510265856,18
commons-vfs,-0.7020567807279803,1
commons-compress,-0.7417944087602282,2
commons-dbcp,-0.7448371258881913,1
apisix-website,-0.7456758083677202,22
commons-collections,-0.7537117932646444,1
commons-io,-0.7589927232989021,2
commons-jexl,-0.7657261151226771,1
commons-pool,-0.7741956033267837,1
commons-math,-0.7756583420264119,1
cxf-dosgi,-0.7787517137403385,4
commons-jcs,-0.7800757126197521,1
accumulo-fluo,-0.784033826880331,63
cordova-app-hello-world,-0.7975082546246633,12
apisix-go-plugin-runner,-0.8327288583058331,37
commons-validator,-0.841113913996545,2
activemq-cpp,-0.8473243186030864,1
accumulo-classloaders,-0.8533998682145403,8
accumulo-maven-plugin,-0.8849230768752998,5
artemis-examples,-0.907858202830058,8
accumulo-fluo-examples,-0.9154580173483575,21
cloudstack-terraform-provider,-0.9154780332582081,9
accumulo-access,-0.9499010701284001,40
apisix-python-plugin-runner,-0.9516954603241371,17
commons-daemon,-0.9544342305849728,5
amoro-shade,-0.9685405459586319,10
bifromq,-0.9717538910217849,4
commons-build-plugin,-0.9723494808691642,1
aries-typedevent,-0.9752946835007792,10
curator,-0.9847520619067021,13
cloudstack-cloudmonkey,-1.0030483018075873,44
accumulo-instamo-archetype,-1.0170247661287573,1
commons-bcel,-1.0232847180523794,3
commons-release-plugin,-1.0288322563241175,1
accumulo-fluo-recipes,-1.0323494395994526,41
causeway-app-simpleapp,-1.0328968989133245,2
accumulo-bsp,-1.0385630315427798,1
cayenne,-1.0435785264087871,1
commons-graph,-1.0444502751035656,1
answer-plugins,-1.0623897385795604,39
cxf-xjc-utils,-1.0752327221883855,71
aries-component-dsl,-1.096880838959504,12
aries-journaled-events,-1.0978216136071464,12
accumulo-fluo-yarn,-1.1093809781740347,21
commons-text,-1.1243925381725446,4
accumulo-fluo-uno,-1.129238996362953,74
commons-configuration,-1.1432691117713538,2
commons-geometry,-1.162877566560139,1
couchdb-helm,-1.1794611608659602,3
cloudstack-go,-1.2007097380464684,30
commons-numbers,-1.2060821608379708,2
airflow-pgbouncer-exporter,-1.216156812569543,1
datasketches-go,-1.2188970622536603,28
cxf-build-utils,-1.2333316771086222,72
airflow-on-k8s-operator,-1.2378125834894285,3
commons-csv,-1.241398244963303,2
accumulo-pig,-1.2485896671614514,1
apisix-java-plugin-runner,-1.266097398247985,50
commons-scxml,-1.2668305803948143,1
apisix-dashboard,-1.289850684498881,14
cayenne-examples,-1.2987431385436292,6
cordova-eslint,-1.3970002596640125,1
activemq-nms-openwire,-1.420340278233711,16
apisix-control-plane,-1.442925904571353,9
airavata-docs,-1.4449920285404476,2
cloudberry-go-libs,-1.4622927640048917,5
auron-sites,-1.4657597115484071,10
apisix-ingress-docker,-1.4802494025559247,7
bahir-flink,-1.50061960749218,33
apisix-ingress-controller,-1.5450009776672315,33
airflow-client-go,-1.557518670287909,7
datasketches-characterization,-1.5712474607051103,1
kylin,-1.6948582265332126,15
amoro,-1.7475020701540867,27
answer,-1.7985754028076675,32
arrow-java,-1.9205757619041615,28
arrow-dist,-1.9656294973199182,18
datafusion-ray,-2.04478571591975,1
arrow-go,-2.131233359665249,26
datafusion-ballista-python,-2.176985351001306,1
arrow-julia,-2.3340978843867948,57
arrow-dotnet,-2.3438540020367884,19
datafusion-python,-2.6180816595403797,3
datafusion-sqlparser-rs,-2.6846752121471043,15
airflow-publish,-2.749565348899843,6
auron,-2.762322300858667,8
arrow-rs-object-store,-3.166121306456083,46
avro-rs,-3.318379397231816,32
