metric,complete_pairs,base_non_missing,closed_non_missing,delta_mean,delta_median,delta_std,delta_unique_values,improved_pct
bugsPerLineOfCode,3899,3941,3917,-4.7409003282893054e-05,0.0,0.0015326054558669035,479,10.310335983585535
vulnerabilitiesPerLineOfCode,3899,3941,3917,-4.257943216209284e-06,0.0,0.00019331838242057553,230,5.616824826878688
codeSmellsPerLineOfCode,3899,3941,3917,-0.0004434291357527571,0.0,0.010240943781149467,1220,22.749422928956143
securityHotspotsPerLineOfCode,3899,3941,3917,-9.581839484483202e-05,0.0,0.0026571829762663734,616,13.926647858425238
duplicatedLinesDensityPerLineOfCode,3899,3941,3917,-0.0002003581985637343,0.0,0.007694572091920533,657,14.157476275968198
complexityPerLineOfCode,3899,3941,3917,0.00022098947578866364,0.0,0.007918486827144609,1145,16.670941266991537
cognitiveComplexityPerLineOfCode,3899,3941,3917,0.000462379247678892,0.0,0.014743590458977081,1065,16.132341626057965
softwareQualityReliabilityIssuesPerLineOfCode,3899,3941,3917,-4.518259097204412e-05,0.0,0.002191893089174886,629,13.31110541164401
softwareQualityMaintainabilityIssuesPerLineOfCode,3899,3941,3917,-0.0004377175242113362,0.0,0.010224136951773677,1218,22.646832521159272
softwareQualitySecurityIssuesPerLineOfCode,3899,3941,3917,-9.695388355988714e-06,0.0,0.0007271275261870304,279,6.770966914593486
