model_type,model_name,metric,dependent_variable_transform,formula,n_rows,n_prs,n_repositories,phase_closed_coef,phase_closed_ci_low,phase_closed_ci_high,phase_closed_p,interpretation,error
"GEE Gaussian, clustered by PR",phase_effect_repeated_measures_pr,bugs,log1p,"y ~ phase_closed + log_ncloc + pullRequestMerged_num, clusters=pr_uid",20284,10142.0,357.0,-0.0006089384747446369,-0.001676710430886698,0.00045883348139742416,0.26367563187736454,Closed phase is associated with an approximate 0.06% decrease in bugs; for this metric that suggests improvement.,
"GEE Gaussian, clustered by PR",phase_effect_repeated_measures_pr,vulnerabilities,log1p,"y ~ phase_closed + log_ncloc + pullRequestMerged_num, clusters=pr_uid",20284,10142.0,357.0,0.0006854397434212669,0.0001772649754863048,0.001193614511356229,0.008201694615799551,Closed phase is associated with an approximate 0.07% increase in vulnerabilities; for this metric that suggests worsening.,
"GEE Gaussian, clustered by PR",phase_effect_repeated_measures_pr,codeSmells,log1p,"y ~ phase_closed + log_ncloc + pullRequestMerged_num, clusters=pr_uid",20284,10142.0,357.0,0.000263409199533445,-0.0021038678233131474,0.0026306862223800373,0.8273612602395174,Closed phase is associated with an approximate 0.03% increase in codeSmells; for this metric that suggests worsening.,
"GEE Gaussian, clustered by PR",phase_effect_repeated_measures_pr,securityHotspots,log1p,"y ~ phase_closed + log_ncloc + pullRequestMerged_num, clusters=pr_uid",20284,10142.0,357.0,0.001040112378207533,-0.00023247572358089377,0.0023127004799959596,0.1091735672682742,Closed phase is associated with an approximate 0.10% increase in securityHotspots; for this metric that suggests worsening.,
"GEE Gaussian, clustered by PR",phase_effect_repeated_measures_pr,coverage,,"y ~ phase_closed + log_ncloc + pullRequestMerged_num, clusters=pr_uid",4876,,,,,,,,ValueError('The first guess on the deviance function returned a nan.  This could be a boundary  problem and should be reported.')
"GEE Gaussian, clustered by PR",phase_effect_repeated_measures_pr,duplicatedLinesDensity,raw,"y ~ phase_closed + log_ncloc + pullRequestMerged_num, clusters=pr_uid",7948,3974.0,252.0,0.026842494541393015,-0.032152434623266786,0.08583742370605282,0.37251245737885463,Closed phase is associated with an average 0.0268 unit increase in duplicatedLinesDensity; for this metric that suggests worsening.,
"GEE Gaussian, clustered by PR",phase_effect_repeated_measures_pr,ncloc,log1p,"y ~ phase_closed + pullRequestMerged_num, clusters=pr_uid",20284,10142.0,357.0,-0.01206573685412947,-0.020391269069837386,-0.0037402046384215556,0.0045047361053708775,Closed phase is associated with an approximate 1.20% decrease in ncloc; for this metric that suggests improvement.,
"GEE Gaussian, clustered by PR",phase_effect_repeated_measures_pr,complexity,log1p,"y ~ phase_closed + log_ncloc + pullRequestMerged_num, clusters=pr_uid",20284,10142.0,357.0,0.0028666446228861656,-0.00013766271048213166,0.005870951956254463,0.06146230421612656,Closed phase is associated with an approximate 0.29% increase in complexity; for this metric that suggests worsening.,
"GEE Gaussian, clustered by PR",phase_effect_repeated_measures_pr,cognitiveComplexity,log1p,"y ~ phase_closed + log_ncloc + pullRequestMerged_num, clusters=pr_uid",20284,10142.0,357.0,0.005077701542462916,0.0017635705380644952,0.008391832546861338,0.0026739161305605716,Closed phase is associated with an approximate 0.51% increase in cognitiveComplexity; for this metric that suggests worsening.,
"GEE Gaussian, clustered by PR",phase_effect_repeated_measures_pr,softwareQualityReliabilityIssues,log1p,"y ~ phase_closed + log_ncloc + pullRequestMerged_num, clusters=pr_uid",20284,10142.0,357.0,0.00037245099240290814,-0.0010722179635250968,0.0018171199483309132,0.6133484793534435,Closed phase is associated with an approximate 0.04% increase in softwareQualityReliabilityIssues; for this metric that suggests worsening.,
"GEE Gaussian, clustered by PR",phase_effect_repeated_measures_pr,softwareQualityMaintainabilityIssues,log1p,"y ~ phase_closed + log_ncloc + pullRequestMerged_num, clusters=pr_uid",20284,10142.0,357.0,0.0003185515044757074,-0.0020415293148952993,0.0026786323238467144,0.7913593756238368,Closed phase is associated with an approximate 0.03% increase in softwareQualityMaintainabilityIssues; for this metric that suggests worsening.,
"GEE Gaussian, clustered by PR",phase_effect_repeated_measures_pr,softwareQualitySecurityIssues,log1p,"y ~ phase_closed + log_ncloc + pullRequestMerged_num, clusters=pr_uid",20284,10142.0,357.0,0.000682446621461485,-1.81791087320467e-05,0.0013830723516550167,0.05624804812005827,Closed phase is associated with an approximate 0.07% increase in softwareQualitySecurityIssues; for this metric that suggests worsening.,
"GEE Gaussian, clustered by PR",phase_effect_repeated_measures_pr,issues_json_total,log1p,"y ~ phase_closed + log_ncloc + pullRequestMerged_num, clusters=pr_uid",20284,10142.0,357.0,0.011723569419386196,0.009162425629165034,0.014284713209607357,2.920140453901546e-19,Closed phase is associated with an approximate 1.18% increase in issues_json_total; for this metric that suggests worsening.,
"GEE Gaussian, clustered by PR",phase_effect_repeated_measures_pr,issues_effort_total,log1p,"y ~ phase_closed + log_ncloc + pullRequestMerged_num, clusters=pr_uid",20284,10142.0,357.0,0.019001125779152788,0.014974071358022058,0.023028180200283518,2.29092352745467e-20,Closed phase is associated with an approximate 1.92% increase in issues_effort_total; for this metric that suggests worsening.,
"GEE Gaussian, clustered by PR",phase_effect_repeated_measures_pr,sev_BLOCKER,log1p,"y ~ phase_closed + log_ncloc + pullRequestMerged_num, clusters=pr_uid",20284,10142.0,357.0,0.00022735295171371345,-3.998182391285791e-05,0.0004946877273402848,0.09554674511799982,Closed phase is associated with an approximate 0.02% increase in sev_BLOCKER; for this metric that suggests worsening.,
"GEE Gaussian, clustered by PR",phase_effect_repeated_measures_pr,sev_CRITICAL,log1p,"y ~ phase_closed + log_ncloc + pullRequestMerged_num, clusters=pr_uid",20284,10142.0,357.0,0.0069393155270850845,0.00468071674470032,0.009197914309469849,1.7249816566919361e-09,Closed phase is associated with an approximate 0.70% increase in sev_CRITICAL; for this metric that suggests worsening.,
"GEE Gaussian, clustered by PR",phase_effect_repeated_measures_pr,sev_MAJOR,log1p,"y ~ phase_closed + log_ncloc + pullRequestMerged_num, clusters=pr_uid",20284,10142.0,357.0,0.007019265779727099,0.004948009206341458,0.00909052235311274,3.0922998990181244e-11,Closed phase is associated with an approximate 0.70% increase in sev_MAJOR; for this metric that suggests worsening.,
"GEE Gaussian, clustered by PR",phase_effect_repeated_measures_pr,sev_MINOR,log1p,"y ~ phase_closed + log_ncloc + pullRequestMerged_num, clusters=pr_uid",20284,10142.0,357.0,0.007863015030407546,0.005675305125505647,0.010050724935309445,1.8618740591427727e-12,Closed phase is associated with an approximate 0.79% increase in sev_MINOR; for this metric that suggests worsening.,
"GEE Gaussian, clustered by PR",phase_effect_repeated_measures_pr,sev_INFO,log1p,"y ~ phase_closed + log_ncloc + pullRequestMerged_num, clusters=pr_uid",20284,10142.0,357.0,0.002512568381552692,0.0012768003884115094,0.0037483363746938746,6.747826670580103e-05,Closed phase is associated with an approximate 0.25% increase in sev_INFO; for this metric that suggests worsening.,
"GEE Gaussian, clustered by PR",phase_effect_repeated_measures_pr,type_CODE_SMELL,log1p,"y ~ phase_closed + log_ncloc + pullRequestMerged_num, clusters=pr_uid",20284,10142.0,357.0,0.011807835390680492,0.009217563135399055,0.01439810764596193,4.088171463138954e-19,Closed phase is associated with an approximate 1.19% increase in type_CODE_SMELL; for this metric that suggests worsening.,
"GEE Gaussian, clustered by PR",phase_effect_repeated_measures_pr,type_BUG,log1p,"y ~ phase_closed + log_ncloc + pullRequestMerged_num, clusters=pr_uid",20284,10142.0,357.0,0.0012894556691146447,0.0005925955749789114,0.001986315763250378,0.0002870917364301026,Closed phase is associated with an approximate 0.13% increase in type_BUG; for this metric that suggests worsening.,
"GEE Gaussian, clustered by PR",phase_effect_repeated_measures_pr,type_VULNERABILITY,log1p,"y ~ phase_closed + log_ncloc + pullRequestMerged_num, clusters=pr_uid",20284,10142.0,357.0,0.0007253913191474635,0.0002667195675534122,0.0011840630707415148,0.0019372240085488027,Closed phase is associated with an approximate 0.07% increase in type_VULNERABILITY; for this metric that suggests worsening.,
"GEE Gaussian, clustered by PR",phase_effect_repeated_measures_pr,bugs_per_kloc,log1p,"y ~ phase_closed + log_ncloc + pullRequestMerged_num, clusters=pr_uid",7798,3899.0,243.0,-0.0052372513855857925,-0.00896313558264853,-0.0015113671885230552,0.005869150327939555,Closed phase is associated with an approximate 0.52% decrease in bugs_per_kloc; for this metric that suggests improvement.,
"GEE Gaussian, clustered by PR",phase_effect_repeated_measures_pr,vulnerabilities_per_kloc,log1p,"y ~ phase_closed + log_ncloc + pullRequestMerged_num, clusters=pr_uid",7798,3899.0,243.0,-0.0006700564919837014,-0.0016897571994657563,0.0003496442154983534,0.19777597834958627,Closed phase is associated with an approximate 0.07% decrease in vulnerabilities_per_kloc; for this metric that suggests improvement.,
"GEE Gaussian, clustered by PR",phase_effect_repeated_measures_pr,codeSmells_per_kloc,log1p,"y ~ phase_closed + log_ncloc + pullRequestMerged_num, clusters=pr_uid",7798,3899.0,243.0,-0.007792241114234526,-0.0158086640825071,0.0002241818540380464,0.05676019091387462,Closed phase is associated with an approximate 0.78% decrease in codeSmells_per_kloc; for this metric that suggests improvement.,
"GEE Gaussian, clustered by PR",phase_effect_repeated_measures_pr,securityHotspots_per_kloc,log1p,"y ~ phase_closed + log_ncloc + pullRequestMerged_num, clusters=pr_uid",7798,3899.0,243.0,-0.0037156082408727814,-0.008348333135798329,0.0009171166540527659,0.11595982276346238,Closed phase is associated with an approximate 0.37% decrease in securityHotspots_per_kloc; for this metric that suggests improvement.,
"GEE Gaussian, clustered by PR",phase_effect_repeated_measures_pr,complexity_per_kloc,log1p,"y ~ phase_closed + log_ncloc + pullRequestMerged_num, clusters=pr_uid",7798,3899.0,243.0,0.003177001138886642,-2.8245291047969672e-05,0.006382247568821253,0.052053337637040675,Closed phase is associated with an approximate 0.32% increase in complexity_per_kloc; for this metric that suggests worsening.,
"GEE Gaussian, clustered by PR",phase_effect_repeated_measures_pr,cognitiveComplexity_per_kloc,log1p,"y ~ phase_closed + log_ncloc + pullRequestMerged_num, clusters=pr_uid",7798,3899.0,243.0,0.008534904297270468,0.003213411559592882,0.013856397034948054,0.0016694120750179887,Closed phase is associated with an approximate 0.86% increase in cognitiveComplexity_per_kloc; for this metric that suggests worsening.,
"GEE Gaussian, clustered by PR",phase_effect_repeated_measures_pr,softwareQualityReliabilityIssues_per_kloc,log1p,"y ~ phase_closed + log_ncloc + pullRequestMerged_num, clusters=pr_uid",7798,3899.0,243.0,-0.005332504345646053,-0.009817820443526798,-0.000847188247765307,0.019797551262447064,Closed phase is associated with an approximate 0.53% decrease in softwareQualityReliabilityIssues_per_kloc; for this metric that suggests improvement.,
"GEE Gaussian, clustered by PR",phase_effect_repeated_measures_pr,softwareQualityMaintainabilityIssues_per_kloc,log1p,"y ~ phase_closed + log_ncloc + pullRequestMerged_num, clusters=pr_uid",7798,3899.0,243.0,-0.007661298443624091,-0.015664605471471107,0.0003420085842229248,0.06062671795331072,Closed phase is associated with an approximate 0.76% decrease in softwareQualityMaintainabilityIssues_per_kloc; for this metric that suggests improvement.,
"GEE Gaussian, clustered by PR",phase_effect_repeated_measures_pr,softwareQualitySecurityIssues_per_kloc,log1p,"y ~ phase_closed + log_ncloc + pullRequestMerged_num, clusters=pr_uid",7798,3899.0,243.0,-0.0009643718926030379,-0.003190247655322645,0.0012615038701165693,0.39578988937104187,Closed phase is associated with an approximate 0.10% decrease in softwareQualitySecurityIssues_per_kloc; for this metric that suggests improvement.,
