model_type,model_name,metric,dependent_variable_transform,formula,n_rows,n_repositories,intercept_mean_adjusted_delta,intercept_ci_low,intercept_ci_high,intercept_p,aic,bic,converged,interpretation,error
Linear Mixed Effects Model,pr_delta_random_intercept_repository,bugs,log1p_closed_minus_log1p_base,delta_y ~ base_log1p + log_ncloc_base + pullRequestMerged_num + (1 | repository_slug),10106,321.0,-5.355330213935655e-17,-310171.217078958,310171.217078958,1.0,-inf,-inf,True,"After controls, PR closing is associated with approx. 0.00% decrease in bugs; interpreted as worsening.",
Linear Mixed Effects Model,pr_delta_random_intercept_repository,vulnerabilities,log1p_closed_minus_log1p_base,delta_y ~ base_log1p + log_ncloc_base + pullRequestMerged_num + (1 | repository_slug),10106,321.0,4.326021795934963e-18,-96239.22998770376,96239.22998770376,1.0,-inf,-inf,True,"After controls, PR closing is associated with approx. 0.00% decrease in vulnerabilities; interpreted as worsening.",
Linear Mixed Effects Model,pr_delta_random_intercept_repository,codeSmells,log1p_closed_minus_log1p_base,delta_y ~ base_log1p + log_ncloc_base + pullRequestMerged_num + (1 | repository_slug),10106,321.0,1.3869777681453099e-17,-949935.7821562237,949935.7821562237,1.0,-inf,-inf,True,"After controls, PR closing is associated with approx. 0.00% decrease in codeSmells; interpreted as worsening.",
Linear Mixed Effects Model,pr_delta_random_intercept_repository,securityHotspots,log1p_closed_minus_log1p_base,delta_y ~ base_log1p + log_ncloc_base + pullRequestMerged_num + (1 | repository_slug),10106,321.0,0.04437491396625449,0.025155221935307382,0.0635946059972016,6.03342191135682e-06,-24803.79121820633,-24760.46591069122,True,"After controls, PR closing is associated with approx. 4.54% increase in securityHotspots; interpreted as worsening.",
Linear Mixed Effects Model,pr_delta_random_intercept_repository,coverage,,delta_y ~ base_log1p + log_ncloc_base + pullRequestMerged_num + (1 | repository_slug),2412,,,,,,,,,,LinAlgError('Singular matrix')
Linear Mixed Effects Model,pr_delta_random_intercept_repository,duplicatedLinesDensity,raw_delta,delta_y ~ base_log1p + log_ncloc_base + pullRequestMerged_num + (1 | repository_slug),3921,199.0,-0.8408542833048915,-1.948255959491919,0.266547392882136,0.13669602961764224,15993.153310730475,16030.797922744228,True,"After controls, adjusted mean delta is -0.8409, i.e. decrease; interpreted as improvement.",
Linear Mixed Effects Model,pr_delta_random_intercept_repository,ncloc,log1p_closed_minus_log1p_base,delta_y ~ base_log1p + pullRequestMerged_num + (1 | repository_slug),10106,321.0,1.2831182786502364e-16,-1109493.4284735743,1109493.4284735743,1.0,-inf,-inf,True,"After controls, PR closing is associated with approx. 0.00% increase in ncloc; interpreted as worsening.",
Linear Mixed Effects Model,pr_delta_random_intercept_repository,complexity,log1p_closed_minus_log1p_base,delta_y ~ base_log1p + log_ncloc_base + pullRequestMerged_num + (1 | repository_slug),10106,321.0,6.108928030045457e-17,-1023221.0980853603,1023221.0980853603,1.0,-inf,-inf,True,"After controls, PR closing is associated with approx. 0.00% decrease in complexity; interpreted as worsening.",
Linear Mixed Effects Model,pr_delta_random_intercept_repository,cognitiveComplexity,log1p_closed_minus_log1p_base,delta_y ~ base_log1p + log_ncloc_base + pullRequestMerged_num + (1 | repository_slug),10106,321.0,9.030130600346657e-17,-972870.3105184648,972870.3105184648,1.0,-inf,-inf,True,"After controls, PR closing is associated with approx. 0.00% decrease in cognitiveComplexity; interpreted as worsening.",
Linear Mixed Effects Model,pr_delta_random_intercept_repository,softwareQualityReliabilityIssues,log1p_closed_minus_log1p_base,delta_y ~ base_log1p + log_ncloc_base + pullRequestMerged_num + (1 | repository_slug),10106,321.0,0.05794568850246578,0.03405176030433073,0.08183961670060083,2.0027008740925565e-06,-17011.88093696283,-16968.555629447717,True,"After controls, PR closing is associated with approx. 5.97% increase in softwareQualityReliabilityIssues; interpreted as worsening.",
Linear Mixed Effects Model,pr_delta_random_intercept_repository,softwareQualityMaintainabilityIssues,log1p_closed_minus_log1p_base,delta_y ~ base_log1p + log_ncloc_base + pullRequestMerged_num + (1 | repository_slug),10106,321.0,0.1248518837615312,0.07046809134140478,0.17923567618165762,6.808213537167594e-06,-566.2497510143003,-522.9244434991891,True,"After controls, PR closing is associated with approx. 13.30% increase in softwareQualityMaintainabilityIssues; interpreted as worsening.",
Linear Mixed Effects Model,pr_delta_random_intercept_repository,softwareQualitySecurityIssues,log1p_closed_minus_log1p_base,delta_y ~ base_log1p + log_ncloc_base + pullRequestMerged_num + (1 | repository_slug),10106,321.0,4.596350012439914e-17,-135962.6231277665,135962.6231277665,1.0,-inf,-inf,True,"After controls, PR closing is associated with approx. 0.00% decrease in softwareQualitySecurityIssues; interpreted as worsening.",
Linear Mixed Effects Model,pr_delta_random_intercept_repository,issues_json_total,log1p_closed_minus_log1p_base,delta_y ~ base_log1p + log_ncloc_base + pullRequestMerged_num + (1 | repository_slug),10106,321.0,0.05037505739042103,0.020279660552739706,0.08047045422810235,0.0010355799581029722,-13208.907118415751,-13165.58181090064,True,"After controls, PR closing is associated with approx. 5.17% increase in issues_json_total; interpreted as worsening.",
Linear Mixed Effects Model,pr_delta_random_intercept_repository,issues_effort_total,log1p_closed_minus_log1p_base,delta_y ~ base_log1p + log_ncloc_base + pullRequestMerged_num + (1 | repository_slug),10106,321.0,-7.168300595888293e-17,-806629.0003907288,806629.0003907288,1.0,-inf,-inf,True,"After controls, PR closing is associated with approx. 0.00% decrease in issues_effort_total; interpreted as improvement.",
Linear Mixed Effects Model,pr_delta_random_intercept_repository,sev_BLOCKER,log1p_closed_minus_log1p_base,delta_y ~ base_log1p + log_ncloc_base + pullRequestMerged_num + (1 | repository_slug),10106,321.0,3.874598481230272e-19,-58627.34621115859,58627.34621115859,1.0,-inf,-inf,True,"After controls, PR closing is associated with approx. 0.00% decrease in sev_BLOCKER; interpreted as worsening.",
Linear Mixed Effects Model,pr_delta_random_intercept_repository,sev_CRITICAL,log1p_closed_minus_log1p_base,delta_y ~ base_log1p + log_ncloc_base + pullRequestMerged_num + (1 | repository_slug),10106,321.0,0.02808758075592647,0.002740089875495611,0.05343507163635733,0.029867875999598545,-18509.61950768024,-18466.294200165128,True,"After controls, PR closing is associated with approx. 2.85% increase in sev_CRITICAL; interpreted as worsening.",
Linear Mixed Effects Model,pr_delta_random_intercept_repository,sev_MAJOR,log1p_closed_minus_log1p_base,delta_y ~ base_log1p + log_ncloc_base + pullRequestMerged_num + (1 | repository_slug),10106,321.0,0.021018184725364653,-0.0031121260151449337,0.04514849546587424,0.08778782199509438,-18889.513801588444,-18846.188494073333,True,"After controls, PR closing is associated with approx. 2.12% increase in sev_MAJOR; interpreted as worsening.",
Linear Mixed Effects Model,pr_delta_random_intercept_repository,sev_MINOR,log1p_closed_minus_log1p_base,delta_y ~ base_log1p + log_ncloc_base + pullRequestMerged_num + (1 | repository_slug),10106,321.0,0.030472417208478278,0.005693034989547839,0.05525179942740872,0.015941003177962324,-17775.774166994466,-17732.448859479355,True,"After controls, PR closing is associated with approx. 3.09% increase in sev_MINOR; interpreted as worsening.",
Linear Mixed Effects Model,pr_delta_random_intercept_repository,sev_INFO,log1p_closed_minus_log1p_base,delta_y ~ base_log1p + log_ncloc_base + pullRequestMerged_num + (1 | repository_slug),10106,321.0,0.008512381890557369,-0.0047991405433354985,0.021823904324450236,0.21007930805093877,-31003.686874956038,-30960.361567440927,True,"After controls, PR closing is associated with approx. 0.85% increase in sev_INFO; interpreted as worsening.",
Linear Mixed Effects Model,pr_delta_random_intercept_repository,type_CODE_SMELL,log1p_closed_minus_log1p_base,delta_y ~ base_log1p + log_ncloc_base + pullRequestMerged_num + (1 | repository_slug),10106,321.0,0.04916201638632112,0.018781751576625462,0.07954228119601678,0.0015157187914891159,-13129.09314746347,-13085.76783994836,True,"After controls, PR closing is associated with approx. 5.04% increase in type_CODE_SMELL; interpreted as worsening.",
Linear Mixed Effects Model,pr_delta_random_intercept_repository,type_BUG,log1p_closed_minus_log1p_base,delta_y ~ base_log1p + log_ncloc_base + pullRequestMerged_num + (1 | repository_slug),10106,321.0,2.0219788283052567e-18,-120427.0145698892,120427.0145698892,1.0,-inf,-inf,True,"After controls, PR closing is associated with approx. 0.00% decrease in type_BUG; interpreted as worsening.",
Linear Mixed Effects Model,pr_delta_random_intercept_repository,type_VULNERABILITY,log1p_closed_minus_log1p_base,delta_y ~ base_log1p + log_ncloc_base + pullRequestMerged_num + (1 | repository_slug),10106,321.0,0.0001321703652905435,-0.003873890431356647,0.004138231161937734,0.9484412801029728,-50073.33726628555,-50030.01195877044,True,"After controls, PR closing is associated with approx. 0.01% increase in type_VULNERABILITY; interpreted as worsening.",
Linear Mixed Effects Model,pr_delta_random_intercept_repository,bugs_per_kloc,log1p_closed_minus_log1p_base,delta_y ~ base_log1p + log_ncloc_base + pullRequestMerged_num + (1 | repository_slug),3850,194.0,-0.02457886573715634,-0.08314659348545302,0.03398886201114033,0.4107755284156501,-7395.154344082908,-7357.619373519217,True,"After controls, PR closing is associated with approx. 2.43% decrease in bugs_per_kloc; interpreted as improvement.",
Linear Mixed Effects Model,pr_delta_random_intercept_repository,vulnerabilities_per_kloc,log1p_closed_minus_log1p_base,delta_y ~ base_log1p + log_ncloc_base + pullRequestMerged_num + (1 | repository_slug),3850,194.0,2.2232731579858472e-17,,,,-inf,-inf,True,"After controls, PR closing is associated with approx. 0.00% decrease in vulnerabilities_per_kloc; interpreted as worsening.",
Linear Mixed Effects Model,pr_delta_random_intercept_repository,codeSmells_per_kloc,log1p_closed_minus_log1p_base,delta_y ~ base_log1p + log_ncloc_base + pullRequestMerged_num + (1 | repository_slug),3850,194.0,2.4187655452840107e-17,,,,-inf,-inf,True,"After controls, PR closing is associated with approx. 0.00% decrease in codeSmells_per_kloc; interpreted as worsening.",
Linear Mixed Effects Model,pr_delta_random_intercept_repository,securityHotspots_per_kloc,log1p_closed_minus_log1p_base,delta_y ~ base_log1p + log_ncloc_base + pullRequestMerged_num + (1 | repository_slug),3850,194.0,-4.984688458463115e-18,,,,-inf,-inf,True,"After controls, PR closing is associated with approx. 0.00% decrease in securityHotspots_per_kloc; interpreted as worsening.",
Linear Mixed Effects Model,pr_delta_random_intercept_repository,complexity_per_kloc,log1p_closed_minus_log1p_base,delta_y ~ base_log1p + log_ncloc_base + pullRequestMerged_num + (1 | repository_slug),3850,194.0,-5.613102271473598e-19,,,,-inf,-inf,True,"After controls, PR closing is associated with approx. 0.00% decrease in complexity_per_kloc; interpreted as worsening.",
Linear Mixed Effects Model,pr_delta_random_intercept_repository,cognitiveComplexity_per_kloc,log1p_closed_minus_log1p_base,delta_y ~ base_log1p + log_ncloc_base + pullRequestMerged_num + (1 | repository_slug),3850,194.0,-6.292841527872843e-19,,,,-inf,-inf,True,"After controls, PR closing is associated with approx. 0.00% decrease in cognitiveComplexity_per_kloc; interpreted as worsening.",
Linear Mixed Effects Model,pr_delta_random_intercept_repository,softwareQualityReliabilityIssues_per_kloc,log1p_closed_minus_log1p_base,delta_y ~ base_log1p + log_ncloc_base + pullRequestMerged_num + (1 | repository_slug),3850,194.0,0.00577583111282933,-0.06316575755530288,0.07471741978096152,0.8695712792413767,-5122.642054444357,-5085.107083880666,True,"After controls, PR closing is associated with approx. 0.58% increase in softwareQualityReliabilityIssues_per_kloc; interpreted as worsening.",
Linear Mixed Effects Model,pr_delta_random_intercept_repository,softwareQualityMaintainabilityIssues_per_kloc,log1p_closed_minus_log1p_base,delta_y ~ base_log1p + log_ncloc_base + pullRequestMerged_num + (1 | repository_slug),3850,194.0,0.13129744824724027,0.03524402038197802,0.22735087611250251,0.007381682939247894,534.8425302609794,572.3775008246704,True,"After controls, PR closing is associated with approx. 14.03% increase in softwareQualityMaintainabilityIssues_per_kloc; interpreted as worsening.",
Linear Mixed Effects Model,pr_delta_random_intercept_repository,softwareQualitySecurityIssues_per_kloc,log1p_closed_minus_log1p_base,delta_y ~ base_log1p + log_ncloc_base + pullRequestMerged_num + (1 | repository_slug),3850,194.0,0.03977057503692567,0.003128092920108967,0.07641305715374239,0.033396654722491544,-9890.25648089181,-9852.72151032812,True,"After controls, PR closing is associated with approx. 4.06% increase in softwareQualitySecurityIssues_per_kloc; interpreted as worsening.",
