component,parameter,estimate,std_error,p_value,icc,n_obs,n_projects,optimizer,converged
PC1,Intercept,-1.2062567692223665,0.08871756134326853,4.1951308799437974e-42,0.940803049692248,3544,149,lbfgs,True
PC1,"C(category_bucket, Treatment('quality'))[T.both]",-0.013052300413742982,0.011327255264807748,0.24920129220161646,0.940803049692248,3544,149,lbfgs,True
PC1,"C(category_bucket, Treatment('quality'))[T.security]",-0.0016838028905448647,0.015275690028700772,0.9122288615273626,0.940803049692248,3544,149,lbfgs,True
PC1,log_ncloc,0.17362871532611746,0.0067994598052684724,7.923329405214695e-144,0.940803049692248,3544,149,lbfgs,True
PC2,Intercept,0.5066768886859155,0.11201267345748507,6.08572579873608e-06,0.8861010813297702,3544,149,lbfgs,True
PC2,"C(category_bucket, Treatment('quality'))[T.both]",0.008807209131932503,0.017845592068260623,0.621643132225445,0.8861010813297702,3544,149,lbfgs,True
PC2,"C(category_bucket, Treatment('quality'))[T.security]",-0.0067233456003353755,0.024063665878941796,0.7799392309832459,0.8861010813297702,3544,149,lbfgs,True
PC2,log_ncloc,-0.06205642091312784,0.010449761967276209,2.87556141512872e-09,0.8861010813297702,3544,149,lbfgs,True
PC3,Intercept,-0.569013403761971,0.1040945152374384,4.59487656274929e-08,0.8564840116631146,3544,149,lbfgs,True
PC3,"C(category_bucket, Treatment('quality'))[T.both]",0.012366102404744606,0.017713641625699203,0.48510727331687975,0.8564840116631146,3544,149,lbfgs,True
PC3,"C(category_bucket, Treatment('quality'))[T.security]",0.005507510680119839,0.02388588238583695,0.817644231920568,0.8564840116631146,3544,149,lbfgs,True
PC3,log_ncloc,0.07112691746136077,0.010323320143080081,5.582120504548927e-12,0.8564840116631146,3544,149,lbfgs,True
