component,model,parameter,estimate,std_error,z_value,p_value,ci_95_low,ci_95_high
PC1,LMM_REML,Intercept,-1.2718285164347887,0.07631413854311274,-16.66569970800738,2.327488444012362e-62,-1.4214014794904897,-1.1222555533790877
PC1,LMM_REML,"C(category_bucket, Treatment('quality'))[T.both]",-0.013457056766748625,0.011427216229512826,-1.1776321106091765,0.23894330270267383,-0.03585398902014536,0.008939875486648107
PC1,LMM_REML,"C(category_bucket, Treatment('quality'))[T.security]",-0.00805169265693006,0.015442219302775931,-0.5214077393320445,0.6020827612173443,-0.03831788633174011,0.022214501017879987
PC1,LMM_REML,log_ncloc,0.1759422440485408,0.006726212222954773,26.157700384191973,8.055162360643675e-151,0.16275911033917637,0.18912537775790525
PC2,LMM_REML,Intercept,0.4031027626894049,0.09182554904085882,4.389875877682362,1.1341537881191956e-05,0.22312799370870512,0.5830775316701047
PC2,LMM_REML,"C(category_bucket, Treatment('quality'))[T.both]",0.01209256925716055,0.017893937177798528,0.6757914223686956,0.4991730814457238,-0.022978903152946862,0.04716404166726797
PC2,LMM_REML,"C(category_bucket, Treatment('quality'))[T.security]",-0.0044471259440902805,0.024167265896472112,-0.1840144418131909,0.8540021254553193,-0.051814096705978724,0.04291984481779816
PC2,LMM_REML,log_ncloc,-0.05030130333853904,0.0100086057299304,-5.025805261577513,5.013244176624776e-07,-0.06991781010466384,-0.03068479657241424
PC3,LMM_REML,Intercept,-0.4556823280397578,0.09096262471530885,-5.0095556220583335,5.455585804385603e-07,-0.6339657964209962,-0.27739885965851946
PC3,LMM_REML,"C(category_bucket, Treatment('quality'))[T.both]",0.011509381323781995,0.017882800565037587,0.6436006084127464,0.5198344556267744,-0.023540263726404206,0.04655902637396819
PC3,LMM_REML,"C(category_bucket, Treatment('quality'))[T.security]",0.01052831811314151,0.024152508282834342,0.43590992661512473,0.6629020826792729,-0.036809728257519145,0.05786636448380217
PC3,LMM_REML,log_ncloc,0.07343194702966457,0.010062336457716144,7.297703404993424,2.9272101146646627e-13,0.05371012997221659,0.09315376408711257
