factor,model,parameter,estimate,std_error,z_value,p_value,ci_95_low,ci_95_high
factor_1,LMM_REML,Intercept,-1.157486412258291,0.07882147273813807,-14.684912271351623,8.053838080067635e-49,-1.3119736600334475,-1.0029991644831346
factor_1,LMM_REML,"C(category_bucket, Treatment('quality'))[T.both]",-0.015175249413491066,0.011532924306860402,-1.3158197357164665,0.18823455355467922,-0.03777936569136402,0.007428866864381888
factor_1,LMM_REML,"C(category_bucket, Treatment('quality'))[T.security]",-0.004384260447491082,0.015585961410413475,-0.2812954768745814,0.7784837792452268,-0.0349321834763326,0.02616366258135043
factor_1,LMM_REML,log_ncloc,0.15439543341998185,0.0068197365700940335,22.6395010764841,1.7703580766018295e-113,0.14102899535854682,0.16776187148141689
factor_2,LMM_REML,Intercept,-0.46976731386470927,0.09195859798029138,-5.108465376618618,3.2478590372637263e-07,-0.6500028539748781,-0.2895317737545404
factor_2,LMM_REML,"C(category_bucket, Treatment('quality'))[T.both]",0.00589822707855598,0.01762803756671244,0.33459351650655555,0.7379317363697095,-0.028652091670319492,0.04044854582743145
factor_2,LMM_REML,"C(category_bucket, Treatment('quality'))[T.security]",-0.00379846977395979,0.023808402095662637,-0.1595432469049146,0.8732408885385732,-0.0504620804109065,0.04286514086298692
factor_2,LMM_REML,log_ncloc,0.0784949385115189,0.009961783430127207,7.879607006324625,3.2841234487864736e-15,0.05897020176668169,0.0980196752563561
factor_3,LMM_REML,Intercept,0.24370924075279146,0.09891738872339595,2.463765409682204,0.013748606336641508,0.04983472141018694,0.437583760095396
factor_3,LMM_REML,"C(category_bucket, Treatment('quality'))[T.both]",-0.0003633935736256274,0.021915489820465556,-0.016581585746090696,0.9867704149858404,-0.04331696432529229,0.04259017717804103
factor_3,LMM_REML,"C(category_bucket, Treatment('quality'))[T.security]",-0.007774599996803205,0.029583602318755068,-0.26280099066483037,0.7927039719291744,-0.06575739507451878,0.050208195080912364
factor_3,LMM_REML,log_ncloc,-0.03384120979164683,0.011631285482505237,-2.909498682888303,0.0036200891223203665,-0.05663811043126068,-0.011044309152032979
