factor,parameter,estimate,std_error,p_value,icc,n_obs,n_projects,optimizer,converged
factor_1,Intercept,-1.0721800191734883,0.09369062494243645,2.5247432896663094e-30,0.9468203904476103,3544,149,lbfgs,True
factor_1,"C(category_bucket, Treatment('quality'))[T.both]",-0.013674417026920105,0.011493629068473878,0.2341490507663082,0.9468203904476103,3544,149,lbfgs,True
factor_1,"C(category_bucket, Treatment('quality'))[T.security]",0.0027071195878523406,0.015500347317051143,0.861355472749843,0.9468203904476103,3544,149,lbfgs,True
factor_1,log_ncloc,0.15476482503561703,0.0069268736793502645,1.4229262455067376e-110,0.9468203904476103,3544,149,lbfgs,True
factor_2,Intercept,-0.4746589724863848,0.1046774601631627,5.774263852180361e-06,0.8646191630653819,3544,149,lbfgs,True
factor_2,"C(category_bucket, Treatment('quality'))[T.both]",0.007621320146919197,0.01754996642471773,0.6640966796211659,0.8646191630653819,3544,149,lbfgs,True
factor_2,"C(category_bucket, Treatment('quality'))[T.security]",-0.0014189262871297597,0.02366444392317981,0.9521872830562352,0.8646191630653819,3544,149,lbfgs,True
factor_2,log_ncloc,0.07001899436916068,0.010216559714018362,7.207440212994415e-12,0.8646191630653819,3544,149,lbfgs,True
factor_3,Intercept,0.3602798467605237,0.11884674856407108,0.0024336953574007098,0.8102193147324701,3544,149,lbfgs,True
factor_3,"C(category_bucket, Treatment('quality'))[T.both]",-0.00455416077388172,0.022014324937281445,0.8361093508006696,0.8102193147324701,3544,149,lbfgs,True
factor_3,"C(category_bucket, Treatment('quality'))[T.security]",-0.006105029126431129,0.029681654119975427,0.837038079090127,0.8102193147324701,3544,149,lbfgs,True
factor_3,log_ncloc,-0.041717140449595125,0.01248535060804375,0.00083390955229998,0.8102193147324701,3544,149,lbfgs,True
