Category,paired_prs,bugs_mean_delta,bugs_median_delta,vulnerabilities_mean_delta,vulnerabilities_median_delta,codeSmells_mean_delta,codeSmells_median_delta,securityHotspots_mean_delta,securityHotspots_median_delta,coverage_mean_delta,coverage_median_delta,duplicatedLinesDensity_mean_delta,duplicatedLinesDensity_median_delta,ncloc_mean_delta,ncloc_median_delta,complexity_mean_delta,complexity_median_delta,cognitiveComplexity_mean_delta,cognitiveComplexity_median_delta,softwareQualityReliabilityIssues_mean_delta,softwareQualityReliabilityIssues_median_delta,softwareQualityMaintainabilityIssues_mean_delta,softwareQualityMaintainabilityIssues_median_delta,softwareQualitySecurityIssues_mean_delta,softwareQualitySecurityIssues_median_delta,issues_json_total_mean_delta,issues_json_total_median_delta,issues_effort_total_mean_delta,issues_effort_total_median_delta,sev_BLOCKER_mean_delta,sev_BLOCKER_median_delta,sev_CRITICAL_mean_delta,sev_CRITICAL_median_delta,sev_MAJOR_mean_delta,sev_MAJOR_median_delta,sev_MINOR_mean_delta,sev_MINOR_median_delta,sev_INFO_mean_delta,sev_INFO_median_delta,type_CODE_SMELL_mean_delta,type_CODE_SMELL_median_delta,type_BUG_mean_delta,type_BUG_median_delta,type_VULNERABILITY_mean_delta,type_VULNERABILITY_median_delta,bugs_per_kloc_mean_delta,bugs_per_kloc_median_delta,vulnerabilities_per_kloc_mean_delta,vulnerabilities_per_kloc_median_delta,codeSmells_per_kloc_mean_delta,codeSmells_per_kloc_median_delta,securityHotspots_per_kloc_mean_delta,securityHotspots_per_kloc_median_delta,complexity_per_kloc_mean_delta,complexity_per_kloc_median_delta,cognitiveComplexity_per_kloc_mean_delta,cognitiveComplexity_per_kloc_median_delta,softwareQualityReliabilityIssues_per_kloc_mean_delta,softwareQualityReliabilityIssues_per_kloc_median_delta,softwareQualityMaintainabilityIssues_per_kloc_mean_delta,softwareQualityMaintainabilityIssues_per_kloc_median_delta,softwareQualitySecurityIssues_per_kloc_mean_delta,softwareQualitySecurityIssues_per_kloc_median_delta
software_quality,6966,-0.01923629055412001,0.0,0.0027275337352856734,0.0,0.22939994257823715,0.0,0.002583979328165375,0.0,0.0,0.0,0.07751196172248803,0.0,5.782802182026988,0.0,1.498133792707436,0.0,1.9978466838931954,0.0,-0.010479471719781797,0.0,0.2233706574791846,0.0,0.002871088142405972,0.0,0.7995980476600631,0.0,5.010766580534022,0.0,0.0017226528854435831,0.0,0.39692793568762563,0.0,0.19107091587711741,0.0,0.20054550674705712,0.0,0.009331036462819409,0.0,0.7858168245765145,0.0,0.010910134941142693,0.0,0.002871088142405972,0.0,-0.058113194810148885,0.0,-0.0014957528011062433,0.0,-0.30460693101456804,0.0,-0.07480125479347492,0.0,0.2736711954857096,0.0,0.6735511504242276,0.0,-0.05683222590709066,0.0,-0.2948539210684769,0.0,-0.008409493185875128,0.0
software_security,3442,0.0026147588611272515,0.0,0.002324230098779779,0.0,0.1304474142940151,0.0,-0.004648460197559558,0.0,0.0,0.0,0.01653005464480872,0.0,0.40993608367228357,0.0,1.2228355607205112,0.0,0.9738524113887275,0.0,0.005810575246949448,0.0,0.131609529343405,0.0,0.0020337013364323067,0.0,0.25101685066821616,0.0,1.6385822196397444,0.0,0.0011621150493898896,0.0,0.0557815223707147,0.0,0.08163858221963974,0.0,0.1083672283556072,0.0,0.004067402672864613,0.0,0.24346310284718187,0.0,0.004648460197559558,0.0,0.002905287623474724,0.0,0.013783603741978396,0.0,-0.0017460333348644883,0.0,0.057502990707309375,0.0,-0.15952294839755007,0.0,0.22223661856422403,0.0,0.33581793527177695,0.0,0.028193605777261183,0.0,0.05592767970356787,0.0,0.015476447754278528,0.0
code_quality,3150,-0.016185337987940335,0.0,0.0015867978419549348,0.0,1.216756585211044,0.0,-0.001904157410345922,0.0,0.0,0.0,0.08537248504622079,0.0,18.24055855284037,0.0,3.684227229450968,0.0,4.556013963821009,0.0,0.007616629641383688,0.0,1.2053316407489685,0.0,0.0006347191367819739,0.0,1.5084100285623612,0.0,9.153284671532846,0.0,0.0015867978419549348,0.0,0.7397651539193907,0.0,0.38717867343700413,0.0,0.35925103141859727,0.0,0.020628371945414153,0.0,1.4938114884163758,0.0,0.012694382735639479,0.0,0.001904157410345922,0.0,-0.08918891612222951,0.0,-0.007296552452703746,0.0,-0.6462507255906963,0.0,-0.155094533627786,0.0,0.3102834857021203,0.0,0.723479841315644,0.0,-0.08236127159304192,0.0,-0.6504464287595005,0.0,-0.0362440486637487,0.0
code_security,902,0.0033259423503325942,0.0,-0.0011086474501108647,0.0,0.08647450110864745,0.0,0.0033259423503325942,0.0,0.0,0.0,0.022800000000000018,0.0,15.237250554323724,0.0,1.9478935698447895,0.0,1.4534368070953436,0.0,0.0022172949002217295,0.0,0.08647450110864745,0.0,0.0,0.0,0.14523281596452328,0.0,1.0964523281596452,0.0,0.0,0.0,0.03547671840354767,0.0,0.038802660753880266,0.0,0.06873614190687362,0.0,0.0022172949002217295,0.0,0.14301552106430154,0.0,0.0022172949002217295,0.0,0.0,0.0,-0.0042163994911521355,0.0,-0.00015453871143752498,0.0,-0.406370478542971,0.0,-0.14870510828701508,0.0,0.1955376695641678,0.0,0.07445375335873834,0.0,0.04119843706350616,0.0,-0.40903460862925345,0.0,0.048142374484685536,0.0
code quality,1,0.0,0.0,0.0,0.0,-3.0,-3.0,0.0,0.0,0.0,0.0,0.0,0.0,187.0,187.0,16.0,16.0,-2.0,-2.0,0.0,0.0,-3.0,-3.0,0.0,0.0,0.0,0.0,0.0,0.0,0.0,0.0,0.0,0.0,0.0,0.0,0.0,0.0,0.0,0.0,0.0,0.0,0.0,0.0,0.0,0.0,0.0,0.0,0.0,0.0,-7.0940501085552174,-7.0940501085552174,0.0,0.0,-17.792399802869056,-17.792399802869056,-17.26627329275277,-17.26627329275277,-0.24907761364998593,-0.24907761364998593,-7.0940501085552174,-7.0940501085552174,0.0,0.0
software quality,1,0.0,0.0,0.0,0.0,-3.0,-3.0,0.0,0.0,0.0,0.0,0.0,0.0,187.0,187.0,16.0,16.0,-2.0,-2.0,0.0,0.0,-3.0,-3.0,0.0,0.0,0.0,0.0,0.0,0.0,0.0,0.0,0.0,0.0,0.0,0.0,0.0,0.0,0.0,0.0,0.0,0.0,0.0,0.0,0.0,0.0,0.0,0.0,0.0,0.0,-7.0940501085552174,-7.0940501085552174,0.0,0.0,-17.792399802869056,-17.792399802869056,-17.26627329275277,-17.26627329275277,-0.24907761364998593,-0.24907761364998593,-7.0940501085552174,-7.0940501085552174,0.0,0.0
documentation,1,0.0,0.0,0.0,0.0,0.0,0.0,0.0,0.0,0.0,0.0,0.0,0.0,0.0,0.0,0.0,0.0,0.0,0.0,0.0,0.0,0.0,0.0,0.0,0.0,0.0,0.0,0.0,0.0,0.0,0.0,0.0,0.0,0.0,0.0,0.0,0.0,0.0,0.0,0.0,0.0,0.0,0.0,0.0,0.0,0.0,0.0,0.0,0.0,0.0,0.0,0.0,0.0,0.0,0.0,0.0,0.0,0.0,0.0,0.0,0.0,0.0,0.0
softwareSecurity,1,0.0,0.0,0.0,0.0,0.0,0.0,0.0,0.0,,,,,0.0,0.0,0.0,0.0,0.0,0.0,0.0,0.0,0.0,0.0,0.0,0.0,0.0,0.0,0.0,0.0,0.0,0.0,0.0,0.0,0.0,0.0,0.0,0.0,0.0,0.0,0.0,0.0,0.0,0.0,0.0,0.0,,,,,,,,,,,,,,,,,,
softwareQuality,1,0.0,0.0,0.0,0.0,0.0,0.0,0.0,0.0,,,,,0.0,0.0,0.0,0.0,0.0,0.0,0.0,0.0,0.0,0.0,0.0,0.0,0.0,0.0,0.0,0.0,0.0,0.0,0.0,0.0,0.0,0.0,0.0,0.0,0.0,0.0,0.0,0.0,0.0,0.0,0.0,0.0,,,,,,,,,,,,,,,,,,
