delta_metric,count,mean,std,min,25%,50%,75%,max
bugs_delta,10142.0,-0.012719384736738316,0.6693421054245363,-56.0,0.0,0.0,0.0,5.0
vulnerabilities_delta,10142.0,0.0017747978702425558,0.06433081045718181,-1.0,0.0,0.0,0.0,4.0
codeSmells_delta,10142.0,0.2045947544862946,26.7237609453037,-896.0,0.0,0.0,0.0,1636.0
securityHotspots_delta,10142.0,-0.00039439952672056796,0.33262564658690885,-24.0,0.0,0.0,0.0,8.0
coverage_delta,2438.0,0.0,0.0,0.0,0.0,0.0,0.0,0.0
duplicatedLinesDensity_delta,3974.0,0.05528434826371413,2.4118375754769548,-38.3,0.0,0.0,0.0,96.0
ncloc_delta,10142.0,6.41697889962532,315.3248514097371,-20591.0,0.0,0.0,0.0,7456.0
complexity_delta,10142.0,1.575724709130349,42.741582213990924,-841.0,0.0,0.0,0.0,2314.0
cognitiveComplexity_delta,10142.0,1.7940248471701834,66.65228162696498,-971.0,0.0,0.0,0.0,4444.0
softwareQualityReliabilityIssues_delta,10142.0,-0.005718793137448235,0.894805722675464,-54.0,0.0,0.0,0.0,21.0
softwareQualityMaintainabilityIssues_delta,10142.0,0.19976336028396766,26.728795077341946,-897.0,0.0,0.0,0.0,1636.0
softwareQualitySecurityIssues_delta,10142.0,0.0018733977519226977,0.0893524930004346,-2.0,0.0,0.0,0.0,4.0
issues_json_total_delta,10142.0,0.6256162492605009,23.405097445244433,0.0,0.0,0.0,0.0,1638.0
issues_effort_total_delta,10142.0,3.952179057385131,134.39188355598912,-16.0,0.0,0.0,0.0,9346.0
sev_BLOCKER_delta,10142.0,0.0011831985801617037,0.04211380753896172,0.0,0.0,0.0,0.0,2.0
sev_CRITICAL_delta,10142.0,0.28495365805561035,13.668906987601906,0.0,0.0,0.0,0.0,962.0
sev_MAJOR_delta,10142.0,0.15884440938670874,4.837840824322934,0.0,0.0,0.0,0.0,322.0
sev_MINOR_delta,10142.0,0.1709721948333662,5.081638361634561,0.0,0.0,0.0,0.0,340.0
sev_INFO_delta,10142.0,0.009662788404653915,0.305272513078912,0.0,0.0,0.0,0.0,19.0
type_CODE_SMELL_delta,10142.0,0.614573062512325,23.356378122142633,0.0,0.0,0.0,0.0,1636.0
type_BUG_delta,10142.0,0.00897258923289292,0.18741161526734645,0.0,0.0,0.0,0.0,7.0
type_VULNERABILITY_delta,10142.0,0.0020705975152829816,0.07624748437230722,0.0,0.0,0.0,0.0,6.0
bugs_per_kloc_delta,3899.0,-0.047409003193774744,1.5326054568652108,-83.33333333333333,0.0,0.0,0.0,7.603358149849518
vulnerabilities_per_kloc_delta,3899.0,-0.004257943062198133,0.19331838240815624,-11.904761904761903,0.0,0.0,0.0,0.6597394029358394
codeSmells_per_kloc_delta,3899.0,-0.4434291359173583,10.240943782026758,-285.7142857142857,0.0,0.0,0.0,166.66666666666674
securityHotspots_per_kloc_delta,3899.0,-0.09581839474526342,2.6571829768093647,-85.71428571428572,0.0,0.0,0.0,62.068965517241395
complexity_per_kloc_delta,3899.0,0.22098947546974812,7.918486825131656,-144.79081214109925,0.0,0.0,0.0,201.24729026370557
cognitiveComplexity_per_kloc_delta,3899.0,0.4623792473017854,14.743590458743268,-287.25731473885696,0.0,0.0,0.0,512.4061736900386
softwareQualityReliabilityIssues_per_kloc_delta,3899.0,-0.04518259115370585,2.191893089556627,-83.33333333333333,0.0,0.0,0.0,66.12318840579711
softwareQualityMaintainabilityIssues_per_kloc_delta,3899.0,-0.43771752455641744,10.224136952794916,-285.7142857142857,0.0,0.0,0.0,166.66666666666674
softwareQualitySecurityIssues_per_kloc_delta,3899.0,-0.009695387808296119,0.7271275262992952,-31.001984126984127,0.0,0.0,0.0,23.724489795918366
