level_0,level_1,pr_base,pr_closed
bugs,count,10143.0,10142.0
bugs,mean,16.773538400867594,16.747682902780518
bugs,std,195.91875064541227,195.92418758635478
bugs,min,0.0,0.0
bugs,25%,0.0,0.0
bugs,50%,0.0,0.0
bugs,75%,0.0,0.0
bugs,max,13709.0,13709.0
vulnerabilities,count,10143.0,10142.0
vulnerabilities,mean,0.5018239179729863,0.502760796687044
vulnerabilities,std,3.7745282256876513,3.7776874229913977
vulnerabilities,min,0.0,0.0
vulnerabilities,25%,0.0,0.0
vulnerabilities,50%,0.0,0.0
vulnerabilities,75%,0.0,0.0
vulnerabilities,max,135.0,135.0
codeSmells,count,10143.0,10142.0
codeSmells,mean,682.4006704130928,681.4321632814041
codeSmells,std,6533.916401748199,6533.272282355502
codeSmells,min,0.0,0.0
codeSmells,25%,0.0,0.0
codeSmells,50%,0.0,0.0
codeSmells,75%,3.0,3.0
codeSmells,max,98763.0,98763.0
securityHotspots,count,10143.0,10142.0
securityHotspots,mean,6.631962930099576,6.627982646420825
securityHotspots,std,63.43770837117525,63.443780161258
securityHotspots,min,0.0,0.0
securityHotspots,25%,0.0,0.0
securityHotspots,50%,0.0,0.0
securityHotspots,75%,0.0,0.0
securityHotspots,max,1733.0,1733.0
coverage,count,2468.0,2448.0
coverage,mean,0.0,0.0
coverage,std,0.0,0.0
coverage,min,0.0,0.0
coverage,25%,0.0,0.0
coverage,50%,0.0,0.0
coverage,75%,0.0,0.0
coverage,max,0.0,0.0
duplicatedLinesDensity,count,4019.0,3991.0
duplicatedLinesDensity,mean,4.851878576760387,4.928839889751941
duplicatedLinesDensity,std,12.452164851401873,12.638328449488508
duplicatedLinesDensity,min,0.0,0.0
duplicatedLinesDensity,25%,0.0,0.0
duplicatedLinesDensity,50%,0.0,0.0
duplicatedLinesDensity,75%,2.8,2.9
duplicatedLinesDensity,max,97.8,97.8
ncloc,count,10143.0,10142.0
ncloc,mean,12066.930789707187,12052.090021691974
ncloc,std,82169.27581267858,82154.1648094688
ncloc,min,0.0,0.0
ncloc,25%,0.0,0.0
ncloc,50%,0.0,0.0
ncloc,75%,705.0,705.0
ncloc,max,1221362.0,1221362.0
complexity,count,10143.0,10142.0
complexity,mean,952.1333924874298,948.8674817590219
complexity,std,5648.111209205375,5630.235465842223
complexity,min,0.0,0.0
complexity,25%,0.0,0.0
complexity,50%,0.0,0.0
complexity,75%,7.0,5.0
complexity,max,76867.0,76869.0
cognitiveComplexity,count,10143.0,10142.0
cognitiveComplexity,mean,1026.9180715764567,1021.8338591993689
cognitiveComplexity,std,7064.322587123507,7033.6833286851015
cognitiveComplexity,min,0.0,0.0
cognitiveComplexity,25%,0.0,0.0
cognitiveComplexity,50%,0.0,0.0
cognitiveComplexity,75%,0.0,0.0
cognitiveComplexity,max,105619.0,105622.0
softwareQualityReliabilityIssues,count,10143.0,10142.0
softwareQualityReliabilityIssues,mean,154.30493936705116,154.29954644054428
softwareQualityReliabilityIssues,std,1990.6532000995228,1990.7525836527486
softwareQualityReliabilityIssues,min,0.0,0.0
softwareQualityReliabilityIssues,25%,0.0,0.0
softwareQualityReliabilityIssues,50%,0.0,0.0
softwareQualityReliabilityIssues,75%,0.0,0.0
softwareQualityReliabilityIssues,max,30810.0,30810.0
softwareQualityMaintainabilityIssues,count,10143.0,10142.0
softwareQualityMaintainabilityIssues,mean,680.8263827270039,679.8526917767699
softwareQualityMaintainabilityIssues,std,6533.756600581414,6533.110797696332
softwareQualityMaintainabilityIssues,min,0.0,0.0
softwareQualityMaintainabilityIssues,25%,0.0,0.0
softwareQualityMaintainabilityIssues,50%,0.0,0.0
softwareQualityMaintainabilityIssues,75%,3.0,3.0
softwareQualityMaintainabilityIssues,max,98756.0,98756.0
softwareQualitySecurityIssues,count,10143.0,10142.0
softwareQualitySecurityIssues,mean,0.6264418811002662,0.6273910471307435
softwareQualitySecurityIssues,std,4.154238738433215,4.157946957787948
softwareQualitySecurityIssues,min,0.0,0.0
softwareQualitySecurityIssues,25%,0.0,0.0
softwareQualitySecurityIssues,50%,0.0,0.0
softwareQualitySecurityIssues,75%,0.0,0.0
softwareQualitySecurityIssues,max,135.0,135.0
issues_json_total,count,10143.0,10142.0
issues_json_total,mean,699.7066942719117,699.1452376257148
issues_json_total,std,6575.951894075328,6575.339533212743
issues_json_total,min,0.0,0.0
issues_json_total,25%,0.0,0.0
issues_json_total,50%,0.0,0.0
issues_json_total,75%,4.0,4.0
issues_json_total,max,99098.0,99098.0
issues_effort_total,count,10143.0,10142.0
issues_effort_total,mean,3937.7126096815537,3934.800532439361
issues_effort_total,std,36004.29837796937,36000.410193417025
issues_effort_total,min,0.0,0.0
issues_effort_total,25%,0.0,0.0
issues_effort_total,50%,0.0,0.0
issues_effort_total,75%,27.0,29.0
issues_effort_total,max,540459.0,540459.0
sev_BLOCKER,count,10143.0,10142.0
sev_BLOCKER,mean,20.582372079266488,20.58509169788996
sev_BLOCKER,std,282.4405359934702,282.45458930032845
sev_BLOCKER,min,0.0,0.0
sev_BLOCKER,25%,0.0,0.0
sev_BLOCKER,50%,0.0,0.0
sev_BLOCKER,75%,0.0,0.0
sev_BLOCKER,max,4390.0,4390.0
sev_CRITICAL,count,10143.0,10142.0
sev_CRITICAL,mean,78.6186532584048,78.70143955827253
sev_CRITICAL,std,606.5912021342259,606.4995061150397
sev_CRITICAL,min,0.0,0.0
sev_CRITICAL,25%,0.0,0.0
sev_CRITICAL,50%,0.0,0.0
sev_CRITICAL,75%,0.0,0.0
sev_CRITICAL,max,16439.0,16439.0
sev_MAJOR,count,10143.0,10142.0
sev_MAJOR,mean,309.280193236715,309.4122461053047
sev_MAJOR,std,3607.8246979371393,3608.007994138359
sev_MAJOR,min,0.0,0.0
sev_MAJOR,25%,0.0,0.0
sev_MAJOR,50%,0.0,0.0
sev_MAJOR,75%,1.0,1.0
sev_MAJOR,max,55688.0,55688.0
sev_MINOR,count,10143.0,10142.0
sev_MINOR,mean,289.17746228926353,288.39154013015184
sev_MINOR,std,2642.8639639637336,2641.369259336052
sev_MINOR,min,0.0,0.0
sev_MINOR,25%,0.0,0.0
sev_MINOR,50%,0.0,0.0
sev_MINOR,75%,0.0,0.0
sev_MINOR,max,38402.0,38402.0
sev_INFO,count,10143.0,10142.0
sev_INFO,mean,2.0480134082618555,2.054920134095839
sev_INFO,std,11.033900261749425,11.045005731585189
sev_INFO,min,0.0,0.0
sev_INFO,25%,0.0,0.0
sev_INFO,50%,0.0,0.0
sev_INFO,75%,0.0,0.0
sev_INFO,max,262.0,264.0
type_CODE_SMELL,count,10143.0,10142.0
type_CODE_SMELL,mean,682.431036182589,681.8725103529875
type_CODE_SMELL,std,6533.9491232700975,6533.343895009299
type_CODE_SMELL,min,0.0,0.0
type_CODE_SMELL,25%,0.0,0.0
type_CODE_SMELL,50%,0.0,0.0
type_CODE_SMELL,75%,3.0,3.0
type_CODE_SMELL,max,98763.0,98763.0
type_BUG,count,10143.0,10142.0
type_BUG,mean,16.773735581188998,16.76957207651351
type_BUG,std,195.9187342652595,195.92597712146193
type_BUG,min,0.0,0.0
type_BUG,25%,0.0,0.0
type_BUG,50%,0.0,0.0
type_BUG,75%,0.0,0.0
type_BUG,max,13709.0,13709.0
type_VULNERABILITY,count,10143.0,10142.0
type_VULNERABILITY,mean,0.5019225081336882,0.5031551962137646
type_VULNERABILITY,std,3.7745281767539436,3.77914860888627
type_VULNERABILITY,min,0.0,0.0
type_VULNERABILITY,25%,0.0,0.0
type_VULNERABILITY,50%,0.0,0.0
type_VULNERABILITY,75%,0.0,0.0
type_VULNERABILITY,max,135.0,135.0
bugs_per_kloc,count,3942.0,3917.0
bugs_per_kloc,mean,1.4895688947392742,1.4180451379605299
bugs_per_kloc,std,5.688300011700711,5.347030656502013
bugs_per_kloc,min,0.0,0.0
bugs_per_kloc,25%,0.0,0.0
bugs_per_kloc,50%,0.0,0.0
bugs_per_kloc,75%,0.6319968943631488,0.6310269741812202
bugs_per_kloc,max,123.3816157702125,123.3816157702125
vulnerabilities_per_kloc,count,3942.0,3917.0
vulnerabilities_per_kloc,mean,0.18503617466434105,0.1964323799120134
vulnerabilities_per_kloc,std,1.0203256339214475,1.1820152504200652
vulnerabilities_per_kloc,min,0.0,0.0
vulnerabilities_per_kloc,25%,0.0,0.0
vulnerabilities_per_kloc,50%,0.0,0.0
vulnerabilities_per_kloc,75%,0.0,0.0
vulnerabilities_per_kloc,max,19.047619047619047,28.169014084507044
codeSmells_per_kloc,count,3942.0,3917.0
codeSmells_per_kloc,mean,29.721330298774035,28.66063447871593
codeSmells_per_kloc,std,56.2960399963532,54.482118669370465
codeSmells_per_kloc,min,0.0,0.0
codeSmells_per_kloc,25%,0.47147571900047147,0.4710315591144606
codeSmells_per_kloc,50%,9.504060896937629,9.426339886883921
codeSmells_per_kloc,75%,33.16796620368049,32.33830845771144
codeSmells_per_kloc,max,955.5555555555555,877.5510204081633
securityHotspots_per_kloc,count,3942.0,3917.0
securityHotspots_per_kloc,mean,3.0773108118075916,2.9752568523247036
securityHotspots_per_kloc,std,14.648826713058751,14.245672170782534
securityHotspots_per_kloc,min,0.0,0.0
securityHotspots_per_kloc,25%,0.0,0.0
securityHotspots_per_kloc,50%,0.0,0.0
securityHotspots_per_kloc,75%,0.6268722210530558,0.6355075394303542
securityHotspots_per_kloc,max,421.05263157894734,431.03448275862064
complexity_per_kloc,count,3942.0,3917.0
complexity_per_kloc,mean,85.72523796910649,85.57475466940923
complexity_per_kloc,std,94.4073948746637,95.23839521236408
complexity_per_kloc,min,0.0,0.0
complexity_per_kloc,25%,0.0,0.0
complexity_per_kloc,50%,60.49374544973195,60.49374544973195
complexity_per_kloc,75%,146.84203021732276,146.36091724825525
complexity_per_kloc,max,886.2222222222222,1000.0
cognitiveComplexity_per_kloc,count,3942.0,3917.0
cognitiveComplexity_per_kloc,mean,76.25463035931685,76.41337804697544
cognitiveComplexity_per_kloc,std,108.33668376308621,108.81799866347141
cognitiveComplexity_per_kloc,min,0.0,0.0
cognitiveComplexity_per_kloc,25%,0.0,0.0
cognitiveComplexity_per_kloc,50%,30.221984266931468,30.24602026049204
cognitiveComplexity_per_kloc,75%,113.57152560793371,113.57152560793371
cognitiveComplexity_per_kloc,max,804.5454545454545,804.5454545454545
softwareQualityReliabilityIssues_per_kloc,count,3942.0,3917.0
softwareQualityReliabilityIssues_per_kloc,mean,3.002003107275273,2.9559519402229344
softwareQualityReliabilityIssues_per_kloc,std,8.51294073588686,8.407251177647524
softwareQualityReliabilityIssues_per_kloc,min,0.0,0.0
softwareQualityReliabilityIssues_per_kloc,25%,0.0,0.0
softwareQualityReliabilityIssues_per_kloc,50%,0.0,0.0
softwareQualityReliabilityIssues_per_kloc,75%,1.77462335809308,1.7123287671232879
softwareQualityReliabilityIssues_per_kloc,max,168.42105263157896,161.6161616161616
softwareQualityMaintainabilityIssues_per_kloc,count,3942.0,3917.0
softwareQualityMaintainabilityIssues_per_kloc,mean,29.629817433535028,28.588484980927763
softwareQualityMaintainabilityIssues_per_kloc,std,56.22760629944932,54.42263521728479
softwareQualityMaintainabilityIssues_per_kloc,min,0.0,0.0
softwareQualityMaintainabilityIssues_per_kloc,25%,0.47147571900047147,0.44682752457551383
softwareQualityMaintainabilityIssues_per_kloc,50%,9.433962264150942,9.328358208955223
softwareQualityMaintainabilityIssues_per_kloc,75%,33.1483576405836,31.959378733572287
softwareQualityMaintainabilityIssues_per_kloc,max,955.5555555555555,877.5510204081633
softwareQualitySecurityIssues_per_kloc,count,3942.0,3917.0
softwareQualitySecurityIssues_per_kloc,mean,0.3295495854206462,0.3460282123549663
softwareQualitySecurityIssues_per_kloc,std,2.437269648245768,2.52813228863284
softwareQualitySecurityIssues_per_kloc,min,0.0,0.0
softwareQualitySecurityIssues_per_kloc,25%,0.0,0.0
softwareQualitySecurityIssues_per_kloc,50%,0.0,0.0
softwareQualitySecurityIssues_per_kloc,75%,0.0,0.0
softwareQualitySecurityIssues_per_kloc,max,61.224489795918366,61.224489795918366
