column,missing_pct
coverage,75.1676245210728
softwareQualitySecurityIssues_per_kloc,60.57950191570881
softwareQualityMaintainabilityIssues_per_kloc,60.57950191570881
softwareQualityReliabilityIssues_per_kloc,60.57950191570881
cognitiveComplexity_per_kloc,60.57950191570881
complexity_per_kloc,60.57950191570881
securityHotspots_per_kloc,60.57950191570881
codeSmells_per_kloc,60.57950191570881
bugs_per_kloc,60.57950191570881
vulnerabilities_per_kloc,60.57950191570881
duplicatedLinesDensity,59.84674329501915
id,0.0
recId,0.0
username,0.0
repositoryName,0.0
repositoryJobId,0.0
jobId,0.0
analysisRole,0.0
headBranchName,0.0
commitHash,0.0
commitSequence,0.0
sonarProjectKey,0.0
sonarProjectName,0.0
firstPullRequestCommitHash,0.0
classificationJobId,0.0
pullRequestNumber,0.0
pullRequestTitle,0.0
pullRequestUrl,0.0
pullRequestState,0.0
pullRequestMerged,0.0
baseBranchName,0.0
repositoryUrl,0.0
localClonePath,0.0
codeSmells,0.0
securityHotspots,0.0
bugs,0.0
vulnerabilities,0.0
qualityGateStatus,0.0
sonarAnalysisId,0.0
sonarDashboardUrl,0.0
sonarTaskId,0.0
closingCommitHash,0.0
ncloc,0.0
cognitiveComplexity,0.0
complexity,0.0
softwareQualityMaintainabilityIssues,0.0
softwareQualitySecurityIssues,0.0
issuesSummaryJson,0.0
softwareQualityReliabilityIssues,0.0
sev_BLOCKER,0.0
issues_effort_total,0.0
issues_json_total,0.0
pr_uid,0.0
repository_slug,0.0
Category,0.0
updatedAt,0.0
createdAt,0.0
deleted,0.0
type_VULNERABILITY,0.0
type_CODE_SMELL,0.0
type_BUG,0.0
sev_MAJOR,0.0
sev_MINOR,0.0
sev_CRITICAL,0.0
sev_INFO,0.0
