repository_slug,paired_prs
apache/commons-bsf,94
apache/commons-skin,94
apache/commons-jci,93
apache/commons-release-plugin,91
apache/creadur-tentacles,90
apache/commons-daemon,88
apache/commons-exec,88
apache/commons-email,87
apache/commons-jxpath,87
apache/commons-build-plugin,87
apache/commons-dbutils,86
apache/airavata-data-lake,85
apache/commons-net,84
apache/commons-imaging,84
apache/commons-digester,84
apache/commons-cli,84
apache/commons-validator,82
apache/commons-scxml,82
apache/commons-csv,82
apache/commons-pool,82
apache/commons-codec,80
apache/commons-dbcp,80
apache/commons-jcs,80
apache/commons-beanutils,80
apache/commons-jexl,79
apache/commons-logging,79
apache/couchdb-pkg,78
apache/creadur-whisker,78
apache/commons-text,78
apache/cxf-build-utils,76
apache/commons-bcel,75
apache/commons-jelly,75
apache/cxf-xjc-utils,75
apache/accumulo-fluo-uno,74
apache/commons-crypto,73
apache/commons-configuration,73
apache/cloudstack-primate,73
apache/commons-rdf,72
apache/commons-collections,72
apache/accumulo-testing,71
apache/couchdb-couch,70
apache/commons-vfs,70
apache/commons-parent,70
apache/aries,69
apache/commons-ognl,67
apache/accumulo-fluo-muchos,65
apache/accumulo-fluo,63
apache/cordova-coho,61
apache/cloudstack-cloudmonkey,60
apache/couchdb-ci,60
apache/commons-io,58
apache/arrow-julia,57
apache/commons-numbers,57
apache/commons-rng,57
apache/nuttx,56
apache/commons-math,56
apache/climate,56
apache/axis-axis2-java-core,56
apache/datasketches-cpp,54
apache/couchdb-documentation,54
apache/kylin,53
apache/commons-statistics,53
apache/apex-core,53
apache/couchdb-nano,53
apache/cordova-fetch,52
apache/curator,52
apache/commons-weaver,52
apache/cordova-browser,51
apache/activemq-nms-amqp,51
apache/cordova-common,51
apache/apisix-java-plugin-runner,50
apache/commons-compress,49
apache/arrow-testing,47
apache/beam-starter-java.git,47
apache/cordova-lib,47
apache/ambari-logsearch,47
apache/creadur-rat,46
apache/cordova-plugin-device,46
apache/arrow-rs-object-store,46
apache/apisix-docker,45
apache/celix,45
apache/cordova-windows,45
apache/airflow-ci-infra,45
apache/cxf-fediz,45
apache/arrow-swift,45
apache/cordova-js,44
apache/couchdb-chttpd,44
apache/cordova-serve,44
apache/couchdb-docker,44
apache/cordova-plugin-media,44
apache/apisix-go-plugin-runner,44
apache/archiva-parent.git,44
apache/accumulo-examples,43
apache/artemis-console,43
apache/daffodil-sbt,43
apache/ambari-metrics,43
apache/cordova-plugin-statusbar,42
apache/apex-malhar,42
apache/accumulo-fluo-recipes,41
apache/any23,41
apache/cordova-ios,41
apache/cloudstack-go,40
apache/accumulo-access,40
apache/couchdb-fabric,40
apache/commons-geometry,40
apache/comdev-site,39
apache/arrow-cookbook,39
apache/cordova-plugin-media-capture,39
apache/cordova-plugin-splashscreen,39
apache/cordova-plugin-camera,39
apache/answer-plugins,39
apache/cordova-electron,39
apache/cordova-plugin-file-transfer,39
apache/cordova-cli,39
apache/couchdb-fauxton,38
apache/airavata-custos,38
apache/daffodil,38
apache/airavata-php-gateway,38
apache/cordova-create,37
apache/datasketches-characterization,37
apache/accumulo-website.git,37
apache/cayenne,37
apache/cordova-node-xcode,36
apache/cordova-plugin-file,35
apache/archiva-redback-core,35
apache/airavata-custos-portal,35
apache/cloudberry-backup,34
apache/cordova-plugin-screen-orientation,34
apache/datasketches-go,34
apache/airavata.git,34
apache/cordova-docs,34
apache/aries-cdi,34
apache/couchdb-glazier,34
apache/apisix-ingress-controller,33
apache/bahir-flink,33
apache/beam-starter-python.git,33
apache/age,33
apache/datasketches-bigquery,33
apache/answer,32
apache/daffodil-site,32
apache/avro-rs,32
apache/age-viewer,32
apache/cloudstack-documentation,32
apache/datasketches-java,31
apache/couchdb-www,31
apache/cordova-plugin-geolocation,31
apache/couchdb-erlfdb,30
apache/cordova-plugman,29
apache/cloudstack-kubernetes-provider,29
apache/commons-functor,28
apache/cordova-plugin-inappbrowser,28
apache/commons-graph,28
apache/arrow-java.git,28
apache/airflow-client-python,28
apache/apisix-helm-chart,27
apache/avro,27
apache/amoro,27
apache/commons-lang,27
apache/arrow-go.git,26
apache/cordova-eslint,26
apache/accumulo-proxy,26
apache/couchdb-config,26
apache/cordova-plugin-network-information,26
apache/apachecon-acasia,26
apache/couchdb-couch-replicator,26
apache/answer-website.git,26
apache/couchdb,26
apache/age-website,26
apache/cordova-osx,25
apache/accumulo-classloaders,25
apache/daffodil-vscode,25
apache/cordova-plugin-dialogs,25
apache/datasketches-hive,25
apache/aurora,24
apache/couchdb-couch-mrview,24
apache/amoro-site,23
apache/aries-rsa,23
apache/apisix-website,23
apache/airavata-mft,22
apache/cordova-plugin-battery-status,22
apache/ambari-infra,22
apache/cordova-plugin-contacts,22
apache/cordova-app-hello-world,22
apache/accumulo-fluo-examples,21
apache/accumulo-fluo-yarn,21
apache/cordova-plugin-device-orientation,21
apache/cloudberry-site,20
apache/arrow-dotnet,19
apache/arrow-dist,19
apache/couchdb-ioq,19
apache/accumulo,19
apache/comdev-working-groups,18
apache/couchdb-infra-cm,18
apache/datafu,18
apache/airavata-portals,18
apache/datafusion-ray,17
apache/airflow-site,17
apache/archiva-components.git,17
apache/cordova-plugin-wkwebview-engine,17
apache/apisix-python-plugin-runner,17
apache/activemq-nms-openwire,16
apache/bifromq.git,16
apache/datafusion-sqlparser-rs,16
apache/cloudstack-terraform-provider,16
apache/cloudstack-www,16
apache/apisix,15
apache/cordova-plugin-device-motion,15
apache/cordova-mobile-spec,15
apache/datafusion-site,15
apache/activemq,15
apache/accumulo-docker,15
apache/activemq-nms-api,14
apache/atlas,14
apache/apisix-dashboard,14
apache/celix-site,13
apache/aries-component-dsl,12
apache/airavata,12
apache/cloudberry-devops-release,12
apache/bahir.git,12
apache/aries-journaled-events,12
apache/apisix-control-plane,11
apache/cloudberry-bootcamp,11
apache/bahir,11
apache/cordova-plugin-test-framework,11
apache/couchdb-snappy,11
apache/aries-typedevent,10
apache/amoro-shade,10
apache/auron-sites,10
apache/causeway-antora,10
apache/sqoop,10
apache/couchdb-rebar,9
apache/curator-site,9
apache/airavata-django-portal,9
apache/axis-axis2-java-rampart,9
apache/cloudberry,9
apache/cordova-plugin-whitelist,9
apache/cordova-test-platform,9
apache/auron,8
apache/artemis-examples,8
apache/accumulo-fluo-docker,8
apache/accumulo-wikisearch,8
apache/cloudstack-csbench,8
apache/couchdb-ken,8
apache/beam-wheels.git,8
apache/cloudstack-docs-admin,8
apache/ambari,8
apache/cordova-plugin-globalization,8
apache/airavata-data-catalog,8
apache/ambari-website,8
apache/datafusion-python,7
apache/cordova-medic,7
apache/cordova,7
apache/daffodil-schema.g8,7
apache/airflow-client-go,7
apache/aries-jpa,7
apache/cayenne-website,7
apache/attic,7
apache/couchdb-mem3,7
apache/apisix-ingress-docker,7
apache/apachecon-eu,6
apache/airavata-django-portal-sdk,6
apache/comdev-events-site,6
apache/cloudberry-go-libs,6
apache/cayenne-examples,6
apache/airavata-site,6
apache/airflow-publish,6
apache/datafusion-benchmarks,6
apache/crunch,6
apache/couchdb-hyper,6
apache/cxf-dosgi,5
apache/airavata-mft-portal,5
apache/datafusion-sandbox,5
apache/couchdb-helm,5
apache/arrow-flight-sql-postgresql,5
apache/artemis-native,5
apache/couchdb-mango,5
apache/accumulo-maven-plugin,5
apache/accumulo-website,5
apache/accumulo-fluo-bytes,5
apache/couchdb-couch-index,5
apache/cordova-new-committer-and-pmc,4
apache/cordova-contribute,4
apache/cordova-plugin-console,4
apache/couchdb-couch-log,4
apache/cordova-wp8,4
apache/cloudstack-docs,4
apache/cloudstack-docs-install,4
apache/activemq-openwire,4
apache/couchdb-setup,4
apache/couchdb-jaeger-passage,4
apache/couchdb-khash,4
apache/couchdb-global-changes,4
apache/couchdb-b64url,4
apache/couchdb-ets-lru,4
apache/causeway-app-simpleapp,4
apache/couchdb-smoosh,3
apache/couchdb-nmo,3
apache/allura,3
apache/airflow-ci,3
apache/ant-ivyde,3
apache/cordova-discuss,3
apache/cordova-labs,3
apache/cordova-blackberry,3
apache/couchdb-hqueue,3
apache/airflow-on-k8s-operator,3
apache/beam-starter-kotlin.git,3
apache/cordova-ubuntu,3
apache/bahir-website.git,3
apache/bahir-website,3
apache/datafusion-ballista-python,2
apache/datafusion-testing,2
apache/ctakes-website,2
apache/axis-axis2-c-core,2
apache/couchdb-couch-epi,2
apache/archiva-site,2
apache/cloudstack-docs-rn,2
apache/couchdb-peruser,2
apache/couchdb-folsom,2
apache/cloudstack-gcestack,2
apache/couchdb-cassim,2
apache/airavata-docs,2
apache/accumulo-pig,1
apache/accumulo-instamo-archetype,1
apache/airavata-cerebrum,1
apache/ctakes-site,1
apache/any23-server,1
apache/any23-plugins,1
apache/ant,1
apache/ant-easyant-core,1
apache/aries-antora-site,1
apache/airflow-site-archive,1
apache/allura-site,1
apache/airflow-pgbouncer-exporter,1
apache/cordova-app-harness,1
apache/commons-testing,1
apache/airflow-helm-unittest,1
apache/cordova-status,1
apache/cordova-template-reference,1
apache/clerezza,1
apache/cordova-weinre,1
apache/cordova-wp7,1
apache/cloudstack-installer,1
apache/couchdb-erlang-tests,1
apache/commons-chain,1
apache/archiva,1
apache/couchdb-jiffy,1
apache/chukwa,1
apache/couchdb-oauth,1
apache/couchdb-jquery-couch,1
apache/aries-containers,1
apache/axis-axis1-java,1
apache/artemis,1
apache/aurora-website,1
apache/couchdb-passage,1
apache/couchdb-twig,1
apache/activemq-cpp,1
apache/accumulo-bsp,1
