metric,bugs_delta,vulnerabilities_delta,codeSmells_delta,securityHotspots_delta,coverage_delta,duplicatedLinesDensity_delta,ncloc_delta,complexity_delta,cognitiveComplexity_delta,softwareQualityReliabilityIssues_delta,softwareQualityMaintainabilityIssues_delta,softwareQualitySecurityIssues_delta,issues_json_total_delta,issues_effort_total_delta,sev_BLOCKER_delta,sev_CRITICAL_delta,sev_MAJOR_delta,sev_MINOR_delta,sev_INFO_delta,type_CODE_SMELL_delta,type_BUG_delta,type_VULNERABILITY_delta,bugs_per_kloc_delta,vulnerabilities_per_kloc_delta,codeSmells_per_kloc_delta,securityHotspots_per_kloc_delta,complexity_per_kloc_delta,cognitiveComplexity_per_kloc_delta,softwareQualityReliabilityIssues_per_kloc_delta,softwareQualityMaintainabilityIssues_per_kloc_delta,softwareQualitySecurityIssues_per_kloc_delta
bugs_delta,1.0,0.030633308903983886,0.2398816823054075,0.13432136716903453,,-0.06265014718554753,0.15075024193035297,0.2109804266668036,0.1506730017162415,0.6924562807506941,0.25622754804882003,-0.025246042080982464,0.16724429420358444,0.15172883469226164,0.15835447375410097,0.16896844118920956,0.24284974684381125,0.18845903966059682,0.12155050296482349,0.12854595552353887,0.6309731107182062,0.06856949102465867,0.24098992971470404,-0.06027783117753082,0.01332652207182178,-0.01967944740620504,-0.013328739303652835,-0.02518837851919704,0.16050884902241827,0.02071724331207627,-0.07767400103682423
vulnerabilities_delta,0.030633308903983886,1.0,0.09912966202806893,0.08680590977260666,,-0.0321286103673871,0.06766235608488273,0.03309258802195316,0.056277298277209266,0.1577300795511042,0.11098882520066879,0.8256221285608876,0.13172165524815085,0.12473007370957691,0.3437129189434391,0.04955563199530601,0.17389105517555897,0.013998437120855202,0.10449289313619307,0.09587499911620499,0.03875704617226766,0.8945080648244527,-0.045144920204392806,0.2161099879037626,0.012828469762462736,-0.02482443373055619,-0.040829532226959196,-0.020420658571493767,-0.005678423263577411,0.027204202121535175,0.1983301937804902
codeSmells_delta,0.2398816823054075,0.09912966202806893,1.0,0.19839550397964198,,-0.08489158723829689,0.39267749730133766,0.4344043355214646,0.44554555614665,0.32840188895523037,0.9872594978737059,0.10007535417761941,0.5776502860060471,0.5210793904838616,0.04184550542517127,0.45446892171051506,0.3609448563824279,0.4177639414180283,0.15650918909544972,0.5877386342055186,0.15997276290166282,0.11094406786589214,-0.14618463077252156,-0.18914110978654342,0.4079147193426441,-0.17543081141720818,0.025014503065438433,0.03794525058652479,-0.13800132161849768,0.4094618118295288,-0.21642389406914264
securityHotspots_delta,0.13432136716903453,0.08680590977260666,0.19839550397964198,1.0,,-0.08691264832131057,0.18934155866200786,0.12053198733738316,0.11871761702100689,0.17718615553676845,0.20898253768368488,0.047545700423097984,0.14491619110775927,0.1554545281523773,-0.00047532209644195265,0.052043752546132666,0.16114055169268168,0.20033242639493926,0.11471310587679247,0.14636130501469805,0.10515748174405064,0.1295368741878871,-0.1359394642479759,-0.06374525050943586,-0.08134797492685905,0.3102819177619405,-0.10097842996674758,-0.08773999403295647,-0.1731460076268572,-0.08164532055853946,-0.13172956587919868
coverage_delta,,,,,,,,,,,,,,,,,,,,,,,,,,,,,,,
duplicatedLinesDensity_delta,-0.06265014718554753,-0.0321286103673871,-0.08489158723829689,-0.08691264832131057,,1.0,-0.14980274887472952,-0.1515629289371252,-0.15353590373553672,-0.054742183721399613,-0.0855689477406081,0.001489798615474959,-0.12187430174629346,-0.11172232234690475,-0.05699510909881989,-0.06466200724719415,-0.11735093223090391,-0.12494664332711392,0.08226181768263534,-0.12331604747294836,-0.13128681108756823,-0.016318526293724867,0.100944404673788,0.05492485881728797,0.051097727313474714,0.04347944864167043,0.028122293533935958,0.033166982410794424,0.09358456282742912,0.047790156253697404,0.0860881712288087
ncloc_delta,0.15075024193035297,0.06766235608488273,0.39267749730133766,0.18934155866200786,,-0.14980274887472952,1.0,0.6616174409452885,0.5670588314947572,0.16225034876180525,0.3973683638417103,0.06096305275690084,0.41665830825277594,0.437192073453737,0.05796423758383695,0.3152519498483234,0.2536274782851994,0.29637717250313045,0.1038694468826373,0.4114670966224755,0.14386292556825797,0.07559256601431928,-0.49947178564688954,-0.38651340331486933,-0.4508678747747676,-0.540421639777402,-0.18589511938573292,-0.21966059565917834,-0.5518346918705376,-0.4446261075346994,-0.42337624483964564
complexity_delta,0.2109804266668036,0.03309258802195316,0.4344043355214646,0.12053198733738316,,-0.1515629289371252,0.6616174409452885,1.0,0.8136829156740049,0.19707026728141658,0.44043841898904523,0.004072235518836283,0.44294403543012134,0.49142088053312477,0.056298830642828396,0.3680525360433245,0.26142395549758474,0.3377087090465255,0.10569238458388414,0.4465894913903854,0.15606064437576733,0.03743032501194113,-0.290005161529388,-0.263450159038212,-0.19483506975968598,-0.32791499123985485,0.2910452307906331,0.13803489996200083,-0.3401607078572514,-0.1881034101442221,-0.2995977490128099
cognitiveComplexity_delta,0.1506730017162415,0.056277298277209266,0.44554555614665,0.11871761702100689,,-0.15353590373553672,0.5670588314947572,0.8136829156740049,1.0,0.15442129083644657,0.4489318570038081,0.021137777594262067,0.4055106158701946,0.4786635952891697,0.06098774929506964,0.3733005789080958,0.2356735483026069,0.30753877020746273,0.10929818078842606,0.4087577369530135,0.12980434819911704,0.06336018689134097,-0.24828346676461469,-0.24847503866751117,-0.11318101343862866,-0.2668024204635989,0.24097991456605777,0.363982102157603,-0.2932835475526934,-0.10956142551215413,-0.2904484767437876
softwareQualityReliabilityIssues_delta,0.6924562807506941,0.1577300795511042,0.32840188895523037,0.17718615553676845,,-0.054742183721399613,0.16225034876180525,0.19707026728141658,0.15442129083644657,1.0,0.31170148179084856,0.26010200312683374,0.19736992523385619,0.18139675217800713,0.1158258374379298,0.1585426471172097,0.270514860953304,0.2152519915020342,0.10695720775107216,0.1696795927478621,0.42184080273899277,0.20159681768242615,0.10350253559303442,-0.03531451063955338,0.09335150478706475,-0.02098841840952202,-0.005612733156170046,-0.012119384213928488,0.24364129762819872,0.08037552834723,-0.03594680665554553
softwareQualityMaintainabilityIssues_delta,0.25622754804882003,0.11098882520066879,0.9872594978737059,0.20898253768368488,,-0.0855689477406081,0.3973683638417103,0.44043841898904523,0.4489318570038081,0.31170148179084856,1.0,0.10993142156510778,0.5695598956574158,0.5134301353593216,0.04202176651148864,0.4502647079416446,0.34615864011002373,0.4043430995400441,0.1570922206643953,0.5753919374102939,0.14710319711754163,0.12420777481359338,-0.13786888069973258,-0.18467938708047588,0.40014231558333346,-0.17548554266928046,0.026822611107194187,0.03550119259559724,-0.14457553973473145,0.41310312662407656,-0.2126094408743816
softwareQualitySecurityIssues_delta,-0.025246042080982464,0.8256221285608876,0.10007535417761941,0.047545700423097984,,0.001489798615474959,0.06096305275690084,0.004072235518836283,0.021137777594262067,0.26010200312683374,0.10993142156510778,1.0,0.08816230617600734,0.0835946344770057,0.2838324537898714,0.026911449544361612,0.12734506650675848,-0.017813809456068287,0.08638503598658918,0.05839085205443775,-0.0344473565299618,0.7385547743789426,-0.05761826015769795,0.15989750300226774,0.05391663424878442,-0.04773578249073798,-0.0343232193691094,-0.017181708563521355,0.053060094371146255,0.06564379946072145,0.2432045969592892
issues_json_total_delta,0.16724429420358444,0.13172165524815085,0.5776502860060471,0.14491619110775927,,-0.12187430174629346,0.41665830825277594,0.44294403543012134,0.4055106158701946,0.19736992523385619,0.5695598956574158,0.08816230617600734,1.0,0.9083322322120249,0.13795931696213928,0.6913546774292672,0.6197693210015118,0.6850912545280616,0.22642860329227993,0.9888520379171657,0.29985760102383674,0.1610426854829504,-0.22987299058483096,-0.21956387896723378,0.12739011368714917,-0.2459850020830347,-0.008807589380332811,-0.007471499836056563,-0.27064231242695996,0.13420805029845553,-0.256291300404609
issues_effort_total_delta,0.15172883469226164,0.12473007370957691,0.5210793904838616,0.1554545281523773,,-0.11172232234690475,0.437192073453737,0.49142088053312477,0.4786635952891697,0.18139675217800713,0.5134301353593216,0.0835946344770057,0.9083322322120249,1.0,0.13026917078164463,0.644914813511465,0.5764472950550668,0.6391658519611902,0.11306044707729022,0.8973969001998504,0.2803843020768428,0.1523731338632537,-0.22746818029877597,-0.2264672567619632,0.05801370814758618,-0.22914288082872225,0.047938122294950036,0.0481112228427379,-0.26898223197197385,0.06426670291170483,-0.25843051055550265
sev_BLOCKER_delta,0.15835447375410097,0.3437129189434391,0.04184550542517127,-0.00047532209644195265,,-0.05699510909881989,0.05796423758383695,0.056298830642828396,0.06098774929506964,0.1158258374379298,0.04202176651148864,0.2838324537898714,0.13795931696213928,0.13026917078164463,1.0,0.08785272211947517,0.07278828710256399,0.04233722272534436,0.06684191056987222,0.0763574451127897,0.20687307719748382,0.38420685981471114,0.0057791229150068475,0.10741827056930654,-0.025358315231541695,0.009675638158819512,-0.04687667113972536,-0.04827687825780845,0.007101108887994554,-0.025482585448043556,0.09927297882693187
sev_CRITICAL_delta,0.16896844118920956,0.04955563199530601,0.45446892171051506,0.052043752546132666,,-0.06466200724719415,0.3152519498483234,0.3680525360433245,0.3733005789080958,0.1585426471172097,0.4502647079416446,0.026911449544361612,0.6913546774292672,0.644914813511465,0.08785272211947517,1.0,0.22865939310816527,0.3450571879164809,0.1614094170314695,0.6893477251847341,0.26785955218907304,0.07475756724749105,-0.10164099480929215,-0.22772480175745533,0.1473846010345606,-0.18454717862949152,0.02440525238075948,0.033869763758798035,-0.1871674328465874,0.15440871906654016,-0.21523873730500753
sev_MAJOR_delta,0.24284974684381125,0.17389105517555897,0.3609448563824279,0.16114055169268168,,-0.11735093223090391,0.2536274782851994,0.26142395549758474,0.2356735483026069,0.270514860953304,0.34615864011002373,0.12734506650675848,0.6197693210015118,0.5764472950550668,0.07278828710256399,0.22865939310816527,1.0,0.4215488780822288,0.13455165637758196,0.6153904175501198,0.42007137932757316,0.21619639028537252,-0.16970366035837514,-0.08284412587874308,0.038972392980787265,-0.14183985782286226,-0.028136697190842892,0.008834714801074313,-0.15593140905286434,0.0362619431463637,-0.13123837150976464
sev_MINOR_delta,0.18845903966059682,0.013998437120855202,0.4177639414180283,0.20033242639493926,,-0.12494664332711392,0.29637717250313045,0.3377087090465255,0.30753877020746273,0.2152519915020342,0.4043430995400441,-0.017813809456068287,0.6850912545280616,0.6391658519611902,0.04233722272534436,0.3450571879164809,0.4215488780822288,1.0,0.13526332154087176,0.6924170134298687,0.3483943773997011,0.03547556813268065,-0.22026275615661794,-0.18534024477275207,0.04331976723853867,-0.14691717926970804,0.029886514114814845,-0.025462916012210554,-0.219464469019526,0.047378039173814564,-0.24951159010316737
sev_INFO_delta,0.12155050296482349,0.10449289313619307,0.15650918909544972,0.11471310587679247,,0.08226181768263534,0.1038694468826373,0.10569238458388414,0.10929818078842606,0.10695720775107216,0.1570922206643953,0.08638503598658918,0.22642860329227993,0.11306044707729022,0.06684191056987222,0.1614094170314695,0.13455165637758196,0.13526332154087176,1.0,0.2290235195110757,0.1573239783735437,0.17574638674814422,-0.052513793556932496,-0.0414180644784038,0.041338597054562595,-0.019816777910402823,0.05427441859617999,0.029696110789078987,-0.052004061360158345,0.04150955534566538,-0.03566445124629715
type_CODE_SMELL_delta,0.12854595552353887,0.09587499911620499,0.5877386342055186,0.14636130501469805,,-0.12331604747294836,0.4114670966224755,0.4465894913903854,0.4087577369530135,0.1696795927478621,0.5753919374102939,0.05839085205443775,0.9888520379171657,0.8973969001998504,0.0763574451127897,0.6893477251847341,0.6153904175501198,0.6924170134298687,0.2290235195110757,1.0,0.24954254113158342,0.12110739881940989,-0.2442784833491099,-0.23132439533342475,0.14208894550174475,-0.2423265160795545,0.004138652613896908,-0.0006238511648227389,-0.28253857637632446,0.14361582655554372,-0.2677593316926062
type_BUG_delta,0.6309731107182062,0.03875704617226766,0.15997276290166282,0.10515748174405064,,-0.13128681108756823,0.14386292556825797,0.15606064437576733,0.12980434819911704,0.42184080273899277,0.14710319711754163,-0.0344473565299618,0.29985760102383674,0.2803843020768428,0.20687307719748382,0.26785955218907304,0.42007137932757316,0.3483943773997011,0.1573239783735437,0.24954254113158342,1.0,0.0883618431207967,0.09283138738935541,-0.08174649908678856,-0.05017110088680144,-0.029551342907242418,-0.04477465646699527,-0.03170687704307242,0.01879999599426735,-0.0416581669501527,-0.09977388736231184
type_VULNERABILITY_delta,0.06856949102465867,0.8945080648244527,0.11094406786589214,0.1295368741878871,,-0.016318526293724867,0.07559256601431928,0.03743032501194113,0.06336018689134097,0.20159681768242615,0.12420777481359338,0.7385547743789426,0.1610426854829504,0.1523731338632537,0.38420685981471114,0.07475756724749105,0.21619639028537252,0.03547556813268065,0.17574638674814422,0.12110739881940989,0.0883618431207967,1.0,-0.0368733285748679,0.18735995869814256,0.017729551237252776,-0.014971137980430193,-0.026700134500099306,-0.0252287442329188,0.007143831995752392,0.03430608662321167,0.17196795964206577
bugs_per_kloc_delta,0.24098992971470404,-0.045144920204392806,-0.14618463077252156,-0.1359394642479759,,0.100944404673788,-0.49947178564688954,-0.290005161529388,-0.24828346676461469,0.10350253559303442,-0.13786888069973258,-0.05761826015769795,-0.22987299058483096,-0.22746818029877597,0.0057791229150068475,-0.10164099480929215,-0.16970366035837514,-0.22026275615661794,-0.052513793556932496,-0.2442784833491099,0.09283138738935541,-0.0368733285748679,1.0,0.31516672695984155,0.2865403549570213,0.4919908963941959,0.15604969776237262,0.1170203142712333,0.813887399728787,0.28978329166031097,0.36380869973711183
vulnerabilities_per_kloc_delta,-0.06027783117753082,0.2161099879037626,-0.18914110978654342,-0.06374525050943586,,0.05492485881728797,-0.38651340331486933,-0.263450159038212,-0.24847503866751117,-0.03531451063955338,-0.18467938708047588,0.15989750300226774,-0.21956387896723378,-0.2264672567619632,0.10741827056930654,-0.22772480175745533,-0.08284412587874308,-0.18534024477275207,-0.0414180644784038,-0.23132439533342475,-0.08174649908678856,0.18735995869814256,0.31516672695984155,1.0,0.16422416013347335,0.472566237199342,0.07276528860810788,0.10597812083953469,0.3990101705012176,0.16768874845873327,0.8994641416574488
codeSmells_per_kloc_delta,0.01332652207182178,0.012828469762462736,0.4079147193426441,-0.08134797492685905,,0.051097727313474714,-0.4508678747747676,-0.19483506975968598,-0.11318101343862866,0.09335150478706475,0.40014231558333346,0.05391663424878442,0.12739011368714917,0.05801370814758618,-0.025358315231541695,0.1473846010345606,0.038972392980787265,0.04331976723853867,0.041338597054562595,0.14208894550174475,-0.05017110088680144,0.017729551237252776,0.2865403549570213,0.16422416013347335,1.0,0.29623490179765394,0.21237383121957032,0.2734043709587829,0.368360500919781,0.9899610881693519,0.2037369113707453
securityHotspots_per_kloc_delta,-0.01967944740620504,-0.02482443373055619,-0.17543081141720818,0.3102819177619405,,0.04347944864167043,-0.540421639777402,-0.32791499123985485,-0.2668024204635989,-0.02098841840952202,-0.17548554266928046,-0.04773578249073798,-0.2459850020830347,-0.22914288082872225,0.009675638158819512,-0.18454717862949152,-0.14183985782286226,-0.14691717926970804,-0.019816777910402823,-0.2423265160795545,-0.029551342907242418,-0.014971137980430193,0.4919908963941959,0.472566237199342,0.29623490179765394,1.0,0.13357239766058046,0.16300532171441648,0.48280323066907044,0.29460500549317126,0.4853032858000806
complexity_per_kloc_delta,-0.013328739303652835,-0.040829532226959196,0.025014503065438433,-0.10097842996674758,,0.028122293533935958,-0.18589511938573292,0.2910452307906331,0.24097991456605777,-0.005612733156170046,0.026822611107194187,-0.0343232193691094,-0.008807589380332811,0.047938122294950036,-0.04687667113972536,0.02440525238075948,-0.028136697190842892,0.029886514114814845,0.05427441859617999,0.004138652613896908,-0.04477465646699527,-0.026700134500099306,0.15604969776237262,0.07276528860810788,0.21237383121957032,0.13357239766058046,1.0,0.6128441258328982,0.17455794761939186,0.21230158902433485,0.0745870580092765
cognitiveComplexity_per_kloc_delta,-0.02518837851919704,-0.020420658571493767,0.03794525058652479,-0.08773999403295647,,0.033166982410794424,-0.21966059565917834,0.13803489996200083,0.363982102157603,-0.012119384213928488,0.03550119259559724,-0.017181708563521355,-0.007471499836056563,0.0481112228427379,-0.04827687825780845,0.033869763758798035,0.008834714801074313,-0.025462916012210554,0.029696110789078987,-0.0006238511648227389,-0.03170687704307242,-0.0252287442329188,0.1170203142712333,0.10597812083953469,0.2734043709587829,0.16300532171441648,0.6128441258328982,1.0,0.15037155485727585,0.2748169794141507,0.09383068528402158
softwareQualityReliabilityIssues_per_kloc_delta,0.16050884902241827,-0.005678423263577411,-0.13800132161849768,-0.1731460076268572,,0.09358456282742912,-0.5518346918705376,-0.3401607078572514,-0.2932835475526934,0.24364129762819872,-0.14457553973473145,0.053060094371146255,-0.27064231242695996,-0.26898223197197385,0.007101108887994554,-0.1871674328465874,-0.15593140905286434,-0.219464469019526,-0.052004061360158345,-0.28253857637632446,0.01879999599426735,0.007143831995752392,0.813887399728787,0.3990101705012176,0.368360500919781,0.48280323066907044,0.17455794761939186,0.15037155485727585,1.0,0.35598942145712603,0.4781238155328128
softwareQualityMaintainabilityIssues_per_kloc_delta,0.02071724331207627,0.027204202121535175,0.4094618118295288,-0.08164532055853946,,0.047790156253697404,-0.4446261075346994,-0.1881034101442221,-0.10956142551215413,0.08037552834723,0.41310312662407656,0.06564379946072145,0.13420805029845553,0.06426670291170483,-0.025482585448043556,0.15440871906654016,0.0362619431463637,0.047378039173814564,0.04150955534566538,0.14361582655554372,-0.0416581669501527,0.03430608662321167,0.28978329166031097,0.16768874845873327,0.9899610881693519,0.29460500549317126,0.21230158902433485,0.2748169794141507,0.35598942145712603,1.0,0.20687190320631896
softwareQualitySecurityIssues_per_kloc_delta,-0.07767400103682423,0.1983301937804902,-0.21642389406914264,-0.13172956587919868,,0.0860881712288087,-0.42337624483964564,-0.2995977490128099,-0.2904484767437876,-0.03594680665554553,-0.2126094408743816,0.2432045969592892,-0.256291300404609,-0.25843051055550265,0.09927297882693187,-0.21523873730500753,-0.13123837150976464,-0.24951159010316737,-0.03566445124629715,-0.2677593316926062,-0.09977388736231184,0.17196795964206577,0.36380869973711183,0.8994641416574488,0.2037369113707453,0.4853032858000806,0.0745870580092765,0.09383068528402158,0.4781238155328128,0.20687190320631896,1.0
